Giocatore,Giornata,Team,Role,Score,Prob_Gol,Pred_Gol_Pesata,GolUlt3,Score_norm,GolUlt3_norm,Score_Composito,Etichetta
andrea bartoccioni,G38,AC Milan,P,0.0,0.0,0.0,0,0.0,0.0,0.0,0.0
antonio mirante,G38,AC Milan,P,0.0,0.0,0.0,0,0.0,0.0,0.0,0.0
lapo nava,G38,AC Milan,P,0.0,0.0,0.0,0,0.0,0.0,0.0,0.0
lorenzo torriani,G38,AC Milan,P,0.0,0.0,0.0,0,0.0,0.0,0.0,0.0
marco sportiello,G38,AC Milan,P,0.5393016044222732,0.0,0.0,0,0.0539301604422273,0.0,0.0377511123095591,2.0
mike maignan,G38,AC Milan,P,7.2239449912363485,0.0,0.0,0,0.7223944991236348,0.0,0.5056761493865444,1.0
noah raveyre,G38,AC Milan,P,0.0,0.0,0.0,0,0.0,0.0,0.0,0.0
francesco rossi,G38,Atalanta,P,0.0,0.0,0.0,2,0.0,0.6666666666666666,0.1999999999999999,0.0
juan musso,G38,Atalanta,P,1.6179048132668192,0.0,0.0,2,0.1617904813266819,0.6666666666666666,0.3132533369286773,2.0
marco carnesecchi,G38,Atalanta,P,6.906655880634578,0.0,0.0,2,0.6906655880634578,0.6666666666666666,0.6834659116444204,1.0
federico ravaglia,G38,Bologna,P,1.0786032088445463,0.0,0.0,3,0.1078603208844546,1.0,0.3755022246191182,0.0
lukasz skorupski,G38,Bologna,P,8.150195496831603,0.0,0.0,3,0.8150195496831604,1.0,0.8705136847782122,1.0
nicola bagnolini,G38,Bologna,P,0.0,0.0,0.0,3,0.0,1.0,0.3,0.0
boris radunovic,G38,Cagliari,P,0.5393016044222732,0.0,0.0,6,0.0539301604422273,2.0,0.637751112309559,1.0
simone aresti,G38,Cagliari,P,0.0,0.0,0.0,6,0.0,2.0,0.6,0.0
simone scuffet,G38,Cagliari,P,4.832591793627252,0.0,0.0,6,0.4832591793627251,2.0,0.9382814255539076,1.0
elia caprile,G38,Empoli,P,6.204215540874567,0.0,0.0,3,0.6204215540874567,1.0,0.7342950878612197,1.0
etrit berisha,G38,Empoli,P,1.0786032088445463,0.0,0.0,3,0.1078603208844546,1.0,0.3755022246191182,0.0
lovro stubljar,G38,Empoli,P,0.0,0.0,0.0,3,0.0,1.0,0.3,0.0
samuele perisan,G38,Empoli,P,0.0,0.0,0.0,3,0.0,1.0,0.3,0.0
oliver christensen,G38,Fiorentina,P,0.0,0.0,0.0,5,0.0,1.6666666666666667,0.5,0.0
pietro terracciano,G38,Fiorentina,P,6.720596827108893,0.0,0.0,5,0.6720596827108893,1.6666666666666667,0.9704417778976224,1.0
tommaso martinelli,G38,Fiorentina,P,0.0,0.0,0.0,5,0.0,1.6666666666666667,0.5,0.0
tommaso vannucchi,G38,Fiorentina,P,0.0,0.0,0.0,5,0.0,1.6666666666666667,0.5,0.0
michele avella,G38,Frosinone,P,0.0,0.0,0.0,5,0.0,1.6666666666666667,0.5,0.0
michele cerofolini,G38,Frosinone,P,0.5393016044222732,0.0,0.0,5,0.0539301604422273,1.6666666666666667,0.5377511123095591,1.0
pierluigi frattali,G38,Frosinone,P,0.0,0.0,0.0,5,0.0,1.6666666666666667,0.5,0.0
stefano turati,G38,Frosinone,P,5.078872859646755,0.0,0.0,5,0.5078872859646755,1.6666666666666667,0.8555211001752728,1.0
daniele sommariva,G38,Genoa,P,0.0,0.0,0.0,5,0.0,1.6666666666666667,0.5,0.0
franz stolz,G38,Genoa,P,0.0,0.0,0.0,5,0.0,1.6666666666666667,0.5,0.0
josep martinez,G38,Genoa,P,6.847332704148128,0.0,0.0,5,0.6847332704148128,1.6666666666666667,0.9793132892903688,1.0
nicola leali,G38,Genoa,P,0.0,0.0,0.0,5,0.0,1.6666666666666667,0.5,0.0
emil audero,G38,Inter,P,0.5393016044222732,0.0,0.0,2,0.0539301604422273,0.6666666666666666,0.2377511123095591,2.0
raffaele di gennaro,G38,Inter,P,0.0,0.0,0.0,2,0.0,0.6666666666666666,0.1999999999999999,0.0
yann sommer,G38,Inter,P,9.941126241517232,0.0,0.0,2,0.9941126241517232,0.6666666666666666,0.8958788369062062,1.0
carlo pinsoglio,G38,Juventus,P,0.0,0.0,0.0,5,0.0,1.6666666666666667,0.5,0.0
mattia perin,G38,Juventus,P,0.2696508022111366,0.0,0.0,5,0.0269650802211136,1.6666666666666667,0.5188755561547795,1.0
wojciech szczesny,G38,Juventus,P,8.7465731877219,0.0,0.0,5,0.87465731877219,1.6666666666666667,1.112260123140533,1.0
alessio furlanetto,G38,Lazio,P,0.0,0.0,0.0,3,0.0,1.0,0.3,0.0
christos mandas,G38,Lazio,P,1.0786032088445463,0.0,0.0,3,0.1078603208844546,1.0,0.3755022246191182,0.0
ivan provedel,G38,Lazio,P,7.020808053570625,0.0,0.0,3,0.7020808053570625,1.0,0.7914565637499438,1.0
marius adamonis,G38,Lazio,P,0.0,0.0,0.0,3,0.0,1.0,0.3,0.0
alexandru borbei,G38,Lecce,P,0.0,0.0,0.0,5,0.0,1.6666666666666667,0.5,0.0
federico brancolini,G38,Lecce,P,0.0,0.0,0.0,5,0.0,1.6666666666666667,0.5,0.0
jasper samooja,G38,Lecce,P,0.0,0.0,0.0,5,0.0,1.6666666666666667,0.5,0.0
wladimiro falcone,G38,Lecce,P,6.397465282459216,0.0,0.0,5,0.6397465282459216,1.6666666666666667,0.9478225697721452,1.0
alessandro sorentino,G38,Monza,P,0.0,0.0,0.0,5,0.0,1.6666666666666667,0.5,0.0
eugenio lamanna,G38,Monza,P,0.0,0.0,0.0,5,0.0,1.6666666666666667,0.5,0.0
michele di gregorio,G38,Monza,P,8.336254550357287,0.0,0.0,5,0.8336254550357287,1.6666666666666667,1.0835378185250102,1.0
stefano gori,G38,Monza,P,0.0,0.0,0.0,5,0.0,1.6666666666666667,0.5,0.0
alex meret,G38,Napoli,P,5.569637319671027,0.0,0.0,5,0.5569637319671027,1.6666666666666667,0.8898746123769719,1.0
hubert idasiak,G38,Napoli,P,0.0,0.0,0.0,5,0.0,1.6666666666666667,0.5,0.0
nikita contini,G38,Napoli,P,0.0,0.0,0.0,5,0.0,1.6666666666666667,0.5,0.0
pierluigi gollini,G38,Napoli,P,0.2696508022111366,0.0,0.0,5,0.0269650802211136,1.6666666666666667,0.5188755561547795,1.0
mile svilar,G38,Roma,P,1.3482540110556829,0.0,0.0,3,0.1348254011055683,1.0,0.3943777807738978,0.0
pietro boer,G38,Roma,P,0.0,0.0,0.0,3,0.0,1.0,0.3,0.0
rui patricio,G38,Roma,P,5.942654262729764,0.0,0.0,3,0.5942654262729764,1.0,0.7159857983910835,1.0
benoit costil,G38,Salernitana,P,0.2696508022111366,0.0,0.0,5,0.0269650802211136,1.6666666666666667,0.5188755561547795,1.0
guillermo ochoa,G38,Salernitana,P,4.0919509235539975,0.0,0.0,5,0.4091950923553997,1.6666666666666667,0.7864365646487799,1.0
luigi sepe,G38,Salernitana,P,0.0,0.0,0.0,5,0.0,1.6666666666666667,0.5,0.0
vincenzo fiorillo,G38,Salernitana,P,0.0,0.0,0.0,5,0.0,1.6666666666666667,0.5,0.0
alessio cragno,G38,Sassuolo,P,0.0,0.0,0.0,4,0.0,1.3333333333333333,0.3999999999999999,0.0
andrea consigli,G38,Sassuolo,P,4.835737719653049,0.0,0.0,4,0.4835737719653049,1.3333333333333333,0.7385016403757134,1.0
daniel theiner,G38,Sassuolo,P,0.0,0.0,0.0,4,0.0,1.3333333333333333,0.3999999999999999,0.0
gianluca pegolo,G38,Sassuolo,P,0.0,0.0,0.0,4,0.0,1.3333333333333333,0.3999999999999999,0.0
luca gemello,G38,Torino,P,0.0,0.0,0.0,3,0.0,1.0,0.3,0.0
mihai popa,G38,Torino,P,0.0,0.0,0.0,3,0.0,1.0,0.3,0.0
vanja milinkovic-savic,G38,Torino,P,10.0,0.0,0.0,3,1.0,1.0,1.0,1.0
daniele padelli,G38,Udinese,P,0.0,0.0,0.0,2,0.0,0.6666666666666666,0.1999999999999999,0.0
maduka okoye,G38,Udinese,P,5.898611298368613,0.0,0.0,2,0.5898611298368613,0.6666666666666666,0.6129027908858029,1.0
marco silvestri,G38,Udinese,P,1.0786032088445463,0.0,0.0,2,0.1078603208844546,0.6666666666666666,0.2755022246191182,2.0
alessandro berardi,G38,Verona,P,0.0,0.0,0.0,3,0.0,1.0,0.3,0.0
giacomo toniolo,G38,Verona,P,0.0,0.0,0.0,3,0.0,1.0,0.3,0.0
lorenzo montipo,G38,Verona,P,6.697227090917261,0.0,0.0,3,0.6697227090917262,1.0,0.7688058963642083,1.0
mattia chiesa,G38,Verona,P,0.0,0.0,0.0,3,0.0,1.0,0.3,0.0
simone perilli,G38,Verona,P,0.0,0.0,0.0,3,0.0,1.0,0.3,0.0
alejandro jimenez,G38,AC Milan,D,0.6197931934020015,0.0,0.0,0,0.0619793193402001,0.0,0.0309896596701,0.0
alessandro florenzi,G38,AC Milan,D,7.843373746127305,0.0219,0.0903,1,0.7843373746127306,0.3333333333333333,0.4924953539730319,1.0
clinton nsiala-makengo,G38,AC Milan,D,0.626303626105804,0.0,0.0,0,0.0626303626105804,0.0,0.0313151813052902,0.0
davide bartesaghi,G38,AC Milan,D,0.626303626105804,0.0,0.0,0,0.0626303626105804,0.0,0.0313151813052902,0.0
davide calabria,G38,AC Milan,D,7.580463754467372,0.0,0.0,0,0.7580463754467373,0.0,0.3790231877233686,0.0
fikayo tomori,G38,AC Milan,D,8.49199394259696,0.1104,0.13,0,0.8491993942596959,0.0,0.496719697129848,1.0
filippo terracciano,G38,AC Milan,D,5.935084064325161,0.0,0.0,0,0.5935084064325161,0.0,0.296754203216258,0.0
jan-carlo simic,G38,AC Milan,D,0.6861996069807874,0.0219,0.0611,0,0.0686199606980787,0.0,0.0592099803490393,0.0
malick thiaw,G38,AC Milan,D,7.783791103621634,0.0,0.0,0,0.7783791103621633,0.0,0.3891895551810816,0.0
matteo gabbia,G38,AC Milan,D,0.6653662223286194,0.0475,0.1028,1,0.0665366222328619,0.3333333333333333,0.1450249777830976,0.0
mattia caldara,G38,AC Milan,D,0.6289077991873252,0.0,0.0,0,0.0628907799187325,0.0,0.0314453899593662,0.0
pierre kalulu,G38,AC Milan,D,0.6367203184318881,0.0,0.0,0,0.0636720318431888,0.0,0.0318360159215944,0.0
simon kjr,G38,AC Milan,D,7.151062264218666,0.0,0.0,0,0.7151062264218666,0.0,0.3575531132109333,0.0
theo hernandez,G38,AC Milan,D,8.617644532326231,0.1476,0.1111,0,0.8617644532326232,0.0,0.5084922266163115,1.0
berat djimsiti,G38,Atalanta,D,8.511483157677478,0.0,0.0,0,0.8511483157677479,0.0,0.4255741578838739,0.0
emil holm,G38,Atalanta,D,5.2456772126018665,0.0219,0.0611,0,0.5245677212601867,0.0,0.2871838606300933,0.0
giorgio scalvini,G38,Atalanta,D,7.94651731312706,0.0219,0.0611,0,0.7946517313127061,0.0,0.422225865656353,0.0
giovanni bonfanti,G38,Atalanta,D,0.7317726359074052,0.0,0.0,0,0.0731772635907405,0.0,0.0365886317953702,0.0
hans hateboer,G38,Atalanta,D,6.068035780713746,0.0,0.0,0,0.6068035780713746,0.0,0.3034017890356873,0.0
isak hien,G38,Atalanta,D,7.594731336010501,0.0,0.0,0,0.7594731336010501,0.0,0.379736566800525,0.0
jose luis palomino,G38,Atalanta,D,0.7304705493666446,0.0,0.0,0,0.0730470549366644,0.0,0.0365235274683322,0.0
matteo ruggeri,G38,Atalanta,D,7.3791469233828995,0.0,0.0,0,0.73791469233829,0.0,0.368957346169145,0.0
mitchel bakker,G38,Atalanta,D,0.76953314558946,0.0219,0.0611,0,0.076953314558946,0.0,0.063376657279473,0.0
rafael toloi,G38,Atalanta,D,0.5937514625867915,0.0,0.0,0,0.0593751462586791,0.0,0.0296875731293395,0.0
sead kolasinac,G38,Atalanta,D,7.524615117971723,0.0219,0.0611,0,0.7524615117971722,0.0,0.4011307558985861,0.0
adama soumaoro,G38,Bologna,D,0.8867209342579054,0.0,0.0,0,0.0886720934257905,0.0,0.0443360467128952,0.0
charalambos lykogiannis,G38,Bologna,D,6.339405603763447,0.0219,0.0611,0,0.6339405603763447,0.0,0.3418702801881723,0.0
jhon lucumi,G38,Bologna,D,9.72241772662444,0.0,0.0,0,0.972241772662444,0.0,0.486120886331222,1.0
lorenzo de silvestri,G38,Bologna,D,0.9947941171410276,0.0475,0.0736,0,0.0994794117141027,0.0,0.0860697058570513,0.0
mihajlo ilic,G38,Bologna,D,0.8867209342579054,0.0,0.0,0,0.0886720934257905,0.0,0.0443360467128952,0.0
riccardo calafiori,G38,Bologna,D,9.86333894871479,0.1758,0.1028,2,0.986333894871479,0.6666666666666666,0.7100802807690728,1.0
sam beukema,G38,Bologna,D,8.608735646061627,0.0219,0.0611,0,0.8608735646061627,0.0,0.4553367823030813,1.0
stefan posch,G38,Bologna,D,8.350961345151035,0.0219,0.0753,1,0.8350961345151034,0.3333333333333333,0.5133747339242184,1.0
tommaso corazza,G38,Bologna,D,0.8710958957687793,0.0,0.0,0,0.0871095895768779,0.0,0.0435547947884389,0.0
victor kristiansen,G38,Bologna,D,8.183824831470309,0.0,0.0,0,0.8183824831470309,0.0,0.4091912415735154,0.0
adam obert,G38,Cagliari,D,0.2539068754482989,0.0,0.0,0,0.0253906875448298,0.0,0.0126953437724149,0.0
alberto dossena,G38,Cagliari,D,7.719904341717335,0.0356,0.0736,0,0.7719904341717335,0.0,0.4187552170858667,0.0
alessandro di pardo,G38,Cagliari,D,0.2304693177146098,0.0,0.0,0,0.0230469317714609,0.0,0.0115234658857304,0.0
edoardo goldaniga,G38,Cagliari,D,0.1744795964619079,0.0,0.0,0,0.0174479596461907,0.0,0.0087239798230953,0.0
elio capradossi,G38,Cagliari,D,0.261719394692862,0.0,0.0,0,0.0261719394692862,0.0,0.0130859697346431,0.0
gabriele zappa,G38,Cagliari,D,6.522191801664897,0.0219,0.0611,0,0.6522191801664897,0.0,0.3510095900832448,0.0
giorgio altare,G38,Cagliari,D,0.261719394692862,0.0,0.0,0,0.0261719394692862,0.0,0.0130859697346431,0.0
mateusz wieteska,G38,Cagliari,D,6.115944900108951,0.0,0.0,0,0.611594490010895,0.0,0.3057972450054475,0.0
pantelis hatzidiakos,G38,Cagliari,D,0.2317714042553702,0.0,0.0,0,0.023177140425537,0.0,0.0115885702127685,0.0
paulo azzi,G38,Cagliari,D,5.589455014838396,0.0,0.0,0,0.5589455014838396,0.0,0.2794727507419198,0.0
tommaso augello,G38,Cagliari,D,6.746085950384821,0.0219,0.0611,0,0.6746085950384821,0.0,0.362204297519241,0.0
yerry mina,G38,Cagliari,D,0.2291672311738492,0.0475,0.0868,1,0.0229167231173849,0.3333333333333333,0.1184150282253591,0.0
ardian ismajli,G38,Empoli,D,7.281676608357567,0.0,0.0,0,0.7281676608357567,0.0,0.3640838304178783,0.0
bartosz bereszynski,G38,Empoli,D,6.639543214132272,0.0,0.0,0,0.6639543214132272,0.0,0.3319771607066136,0.0
gabriele guarino,G38,Empoli,D,0.4700532412145431,0.0,0.0,0,0.0470053241214543,0.0,0.0235026620607271,0.0
giuseppe pezzella,G38,Empoli,D,4.995789291985225,0.0,0.0,0,0.4995789291985225,0.0,0.2497894645992612,0.0
liberato cacace,G38,Empoli,D,6.343392399849546,0.0,0.0,0,0.6343392399849546,0.0,0.3171696199924773,0.0
luca marianucci,G38,Empoli,D,0.4700532412145431,0.0,0.0,0,0.0470053241214543,0.0,0.0235026620607271,0.0
petar stojanovic,G38,Empoli,D,0.4700532412145431,0.0,0.0,0,0.0470053241214543,0.0,0.0235026620607271,0.0
saba goglichidze,G38,Empoli,D,0.4700532412145431,0.0,0.0,0,0.0470053241214543,0.0,0.0235026620607271,0.0
sebastian walukiewicz,G38,Empoli,D,7.558641888152695,0.0,0.0,0,0.7558641888152695,0.0,0.3779320944076347,0.0
sebastiano luperto,G38,Empoli,D,8.13698629118237,0.0219,0.0611,0,0.8136986291182369,0.0,0.4317493145591184,0.0
tyronne ebuehi,G38,Empoli,D,0.5442721740378921,0.0,0.0,0,0.0544272174037892,0.0,0.0272136087018946,0.0
christian dalle mura,G38,Fiorentina,D,0.4179697795841228,0.0,0.0,0,0.0417969779584122,0.0,0.0208984889792061,0.0
cristiano biraghi,G38,Fiorentina,D,7.6193473962816975,0.1758,0.1023,1,0.7619347396281697,0.3333333333333333,0.5310640364807515,1.0
dodo,G38,Fiorentina,D,0.4492198565623751,0.0,0.0,0,0.0449219856562375,0.0,0.0224609928281187,0.0
fabiano parisi,G38,Fiorentina,D,6.9553786706947465,0.0,0.0,0,0.6955378670694746,0.0,0.3477689335347373,0.0
luca ranieri,G38,Fiorentina,D,7.760450326706265,0.0475,0.0736,0,0.7760450326706265,0.0,0.4243525163353132,0.0
lucas martinez quarta,G38,Fiorentina,D,8.154400264593122,0.1265,0.1338,0,0.8154400264593121,0.0,0.485810013229656,1.0
michael kayode,G38,Fiorentina,D,7.440304494130499,0.0219,0.0611,0,0.74403044941305,0.0,0.3969152247065249,0.0
nikola milenkovic,G38,Fiorentina,D,7.646326908606096,0.0,0.0,0,0.7646326908606096,0.0,0.3823163454303048,0.0
pietro comuzzo,G38,Fiorentina,D,0.3919280487689127,0.0,0.0,0,0.0391928048768912,0.0,0.0195964024384456,0.0
anthony oyono,G38,Frosinone,D,0.2838548658857905,0.0,0.0,0,0.028385486588579,0.0,0.0141927432942895,0.0
emanuele valeri,G38,Frosinone,D,0.3307299813531688,0.0,0.0,0,0.0330729981353168,0.0,0.0165364990676584,0.0
ilario monterisi,G38,Frosinone,D,6.912791151071648,0.0475,0.0736,0,0.6912791151071648,0.0,0.3819695575535824,0.0
kevin bonifazi,G38,Frosinone,D,0.3164070294048032,0.0,0.0,0,0.0316407029404803,0.0,0.0158203514702401,0.0
mateus lusuardi,G38,Frosinone,D,0.2630214812336224,0.0,0.0,0,0.0263021481233622,0.0,0.0131510740616811,0.0
memeh caleb okoli,G38,Frosinone,D,7.312237226705216,0.0,0.0,0,0.7312237226705216,0.0,0.3656118613352608,0.0
nadir zortea,G38,Frosinone,D,6.350066139079727,0.0356,0.0963,0,0.6350066139079728,0.0,0.3570733069539863,0.0
pol lirola,G38,Frosinone,D,6.493775590402681,0.0475,0.0736,0,0.6493775590402681,0.0,0.361018779520134,0.0
przemyslaw szyminski,G38,Frosinone,D,0.3138028563232822,0.0,0.0,0,0.0313802856323282,0.0,0.0156901428161641,0.0
riccardo marchizza,G38,Frosinone,D,0.5234387893857239,0.0,0.0,0,0.0523438789385723,0.0,0.0261719394692861,0.0
sergio kalaj,G38,Frosinone,D,0.3138028563232822,0.0,0.0,0,0.0313802856323282,0.0,0.0156901428161641,0.0
simone romagnoli,G38,Frosinone,D,6.898804254207093,0.0219,0.0611,0,0.6898804254207093,0.0,0.3698402127103546,0.0
aaron caricol,G38,Genoa,D,5.60883295609056,0.0,0.0,0,0.560883295609056,0.0,0.280441647804528,0.0
alan matturro,G38,Genoa,D,0.4192718661248834,0.0,0.0,0,0.0419271866124883,0.0,0.0209635933062441,0.0
alessandro vogliacco,G38,Genoa,D,5.9390049184846925,0.0,0.0,0,0.5939004918484693,0.0,0.2969502459242346,0.0
davide biraschi,G38,Genoa,D,0.4713553277553036,0.0146,0.0611,0,0.0471355327755303,0.0,0.0462777663877651,0.0
djed spence,G38,Genoa,D,0.4075530872580387,0.0,0.0,0,0.0407553087258038,0.0,0.0203776543629019,0.0
giorgio cittadini,G38,Genoa,D,0.3919280487689127,0.0,0.0,0,0.0391928048768912,0.0,0.0195964024384456,0.0
johan vasquez,G38,Genoa,D,7.198020340112135,0.0219,0.0611,0,0.7198020340112136,0.0,0.3848010170056067,0.0
koni de winter,G38,Genoa,D,7.265257347842184,0.0,0.0,0,0.7265257347842183,0.0,0.3632628673921091,0.0
mattia bani,G38,Genoa,D,6.548788962495147,0.0475,0.0736,0,0.6548788962495147,0.0,0.3637694481247573,0.0
radu dragusin,G38,Genoa,D,6.867182714528568,0.0475,0.0736,0,0.6867182714528568,0.0,0.3796891357264284,0.0
ridgeciano haps,G38,Genoa,D,0.4817720200813876,0.0,0.0,0,0.0481772020081387,0.0,0.0240886010040693,0.0
silvan hefti,G38,Genoa,D,0.4179697795841228,0.0,0.0,0,0.0417969779584122,0.0,0.0208984889792061,0.0
stefano sabelli,G38,Genoa,D,5.213741826917952,0.0,0.0,0,0.5213741826917951,0.0,0.2606870913458975,0.0
alessandro bastoni,G38,Inter,D,10.0,0.0219,0.0611,0,1.0,0.0,0.5249,1.0
benjamin pavard,G38,Inter,D,9.161980795419009,0.0,0.0,0,0.9161980795419008,0.0,0.4580990397709504,1.0
carlos augusto,G38,Inter,D,8.892410542266768,0.0,0.0,0,0.8892410542266769,0.0,0.4446205271133384,0.0
denzel dumfries,G38,Inter,D,7.454375645893141,0.2146,0.1273,1,0.7454375645893141,0.3333333333333333,0.5419554489613237,1.0
federico dimarco,G38,Inter,D,9.02296243447714,0.1476,0.1111,0,0.902296243447714,0.0,0.5287581217238569,1.0
francesco acerbi,G38,Inter,D,9.84008919094826,0.077,0.1175,0,0.984008919094826,0.0,0.550354459547413,1.0
matteo darmian,G38,Inter,D,7.926289056061991,0.0475,0.0736,0,0.7926289056061991,0.0,0.4326444528030996,0.0
stefan de vrij,G38,Inter,D,8.925405224846113,0.0219,0.0611,0,0.8925405224846112,0.0,0.4711702612423056,1.0
yann aurel bisseck,G38,Inter,D,1.2174509156110744,0.0475,0.0736,0,0.1217450915611074,0.0,0.0972025457805537,0.0
alex sandro,G38,Juventus,D,0.8828146746356241,0.0,0.0486,0,0.0882814674635624,0.0,0.0587207337317812,0.0
andrea cambiaso,G38,Juventus,D,8.790382683221633,0.0475,0.0736,0,0.8790382683221634,0.0,0.4758491341610816,1.0
daniele rugani,G38,Juventus,D,0.8867209342579054,0.0475,0.0736,0,0.0886720934257905,0.0,0.0806660467128952,0.0
danilo,G38,Juventus,D,9.037308864594127,0.0219,0.0611,0,0.9037308864594128,0.0,0.4767654432297063,1.0
federico gatti,G38,Juventus,D,8.095254772896249,0.092,0.0986,0,0.8095254772896249,0.0,0.4619427386448124,1.0
gleison bremer,G38,Juventus,D,9.422335055170183,0.077,0.1153,1,0.9422335055170185,0.3333333333333333,0.5954734194251758,1.0
mattia de sciglio,G38,Juventus,D,0.8346374726274851,0.0,0.0,0,0.0834637472627485,0.0,0.0417318736313742,0.0
tiago djalo,G38,Juventus,D,0.8346374726274851,0.0,0.0,0,0.0834637472627485,0.0,0.0417318736313742,0.0
adam marusic,G38,Lazio,D,8.253466333630493,0.0219,0.0611,0,0.8253466333630494,0.0,0.4375733166815246,0.0
alessio romagnoli,G38,Lazio,D,8.571252914841601,0.0,0.0,0,0.8571252914841601,0.0,0.42856264574208,0.0
dimitrije kamenovic,G38,Lazio,D,0.6783870877362242,0.0,0.0,0,0.0678387087736224,0.0,0.0339193543868112,0.0
elseid hysaj,G38,Lazio,D,7.241908296458741,0.0,0.0,0,0.7241908296458741,0.0,0.362095414822937,0.0
luca pellegrini,G38,Lazio,D,5.765148508763369,0.0219,0.0611,0,0.5765148508763369,0.0,0.3131574254381684,0.0
mario gila,G38,Lazio,D,8.083206081342139,0.0,0.0,0,0.8083206081342139,0.0,0.4041603040671069,0.0
nicolo casale,G38,Lazio,D,8.158382669627143,0.0,0.0,0,0.8158382669627142,0.0,0.4079191334813571,0.0
patric,G38,Lazio,D,8.192105518088058,0.0475,0.0878,1,0.8192105518088058,0.3333333333333333,0.5168619425710695,1.0
ahmed touba,G38,Lecce,D,0.3398445871384924,0.0,0.0,0,0.0339844587138492,0.0,0.0169922293569246,0.0
antonino gallo,G38,Lecce,D,6.977015237149951,0.0,0.0,0,0.697701523714995,0.0,0.3488507618574975,0.0
federico baschirotto,G38,Lecce,D,7.677065440708275,0.0,0.0,0,0.7677065440708275,0.0,0.3838532720354137,0.0
kastriot dermaku,G38,Lecce,D,0.3658863179537025,0.0,0.0,0,0.0365886317953702,0.0,0.0182943158976851,0.0
lorenzo venuti,G38,Lecce,D,0.3320320678939293,0.0,0.0,0,0.0332032067893929,0.0,0.0166016033946964,0.0
marin pongracic,G38,Lecce,D,8.323678824851514,0.0,0.0,0,0.8323678824851515,0.0,0.4161839412425757,0.0
mats lemmens,G38,Lecce,D,0.3658863179537025,0.0,0.0,0,0.0365886317953702,0.0,0.0182943158976851,0.0
patrick dorgu,G38,Lecce,D,6.347285600533715,0.0475,0.105,0,0.6347285600533714,0.0,0.3631142800266857,0.0
valentin gendrey,G38,Lecce,D,6.937158063555627,0.0475,0.105,0,0.6937158063555626,0.0,0.3926079031777813,0.0
zinedin smajlovic,G38,Lecce,D,0.3658863179537025,0.0,0.0,0,0.0365886317953702,0.0,0.0182943158976851,0.0
andrea carboni,G38,Monza,D,7.4922497391477085,0.0219,0.0611,0,0.7492249739147708,0.0,0.3995124869573854,0.0
armando anastasio,G38,Monza,D,0.626303626105804,0.0,0.0,0,0.0626303626105804,0.0,0.0313151813052902,0.0
armando izzo,G38,Monza,D,8.306744275643984,0.0,0.0,0,0.8306744275643985,0.0,0.4153372137821992,0.0
danilo d'ambrosio,G38,Monza,D,7.561162631244754,0.0,0.0,0,0.7561162631244753,0.0,0.3780581315622376,0.0
davide bettella,G38,Monza,D,0.626303626105804,0.0,0.0,0,0.0626303626105804,0.0,0.0313151813052902,0.0
giorgos kyriakopoulos,G38,Monza,D,6.976558669261159,0.0,0.0,0,0.6976558669261159,0.0,0.3488279334630579,0.0
giulio donati,G38,Monza,D,0.6861996069807874,0.0,0.0,0,0.0686199606980787,0.0,0.0343099803490393,0.0
luca caldirola,G38,Monza,D,8.040071088899527,0.0219,0.0611,0,0.8040071088899527,0.0,0.4269035544449763,0.0
mario sampirisi,G38,Monza,D,0.626303626105804,0.0,0.0,0,0.0626303626105804,0.0,0.0313151813052902,0.0
pablo mari,G38,Monza,D,8.778438869281295,0.0,0.0,0,0.8778438869281295,0.0,0.4389219434640647,0.0
pedro pereira,G38,Monza,D,6.607693377818447,0.0,0.0,0,0.6607693377818447,0.0,0.3303846688909223,0.0
samuele birindelli,G38,Monza,D,7.428967495667219,0.0,0.0,0,0.7428967495667219,0.0,0.3714483747833609,0.0
valentin antov,G38,Monza,D,0.626303626105804,0.0,0.0,0,0.0626303626105804,0.0,0.0313151813052902,0.0
amir rrahmani,G38,Napoli,D,9.582109297425967,0.3327,0.1148,1,0.9582109297425968,0.3333333333333333,0.680022131537965,1.0
giovanni di lorenzo,G38,Napoli,D,9.479550247988536,0.0219,0.0611,0,0.9479550247988536,0.0,0.4988775123994268,1.0
juan jesus,G38,Napoli,D,7.896534639952048,0.0219,0.0611,0,0.7896534639952048,0.0,0.4197267319976023,0.0
leo stigard,G38,Napoli,D,7.53023009332436,0.0,0.0,0,0.753023009332436,0.0,0.376511504666218,0.0
mario rui,G38,Napoli,D,6.932105815486654,0.0,0.0,0,0.6932105815486654,0.0,0.3466052907743327,0.0
mathias olivera,G38,Napoli,D,7.444070785795101,0.0219,0.0838,0,0.74440707857951,0.0,0.403913539289755,0.0
natan,G38,Napoli,D,0.2617193946928619,0.0,0.0,0,0.0261719394692861,0.0,0.013085969734643,0.0
pasquale mazzocchi,G38,Napoli,D,6.125828168443989,0.0,0.0,0,0.6125828168443989,0.0,0.3062914084221994,0.0
angelino,G38,Roma,D,0.5638034721492998,0.0,0.0,0,0.0563803472149299,0.0,0.0281901736074649,0.0
chris smalling,G38,Roma,D,0.5768243375569049,0.0,0.0,0,0.0576824337556904,0.0,0.0288412168778452,0.0
dean huijsen,G38,Roma,D,0.520834616304203,0.0475,0.0736,0,0.0520834616304203,0.0,0.0623717308152101,0.0
diego llorente,G38,Roma,D,8.54083732812151,0.0219,0.0611,0,0.854083732812151,0.0,0.4519418664060755,1.0
evan n'dicka,G38,Roma,D,7.998016955194764,0.0,0.0,0,0.7998016955194764,0.0,0.3999008477597382,0.0
gianluca mancini,G38,Roma,D,8.507971483578835,0.1104,0.0986,0,0.8507971483578836,0.0,0.4880985741789417,1.0
leonardo spinazzola,G38,Roma,D,6.736114353372167,0.0219,0.0611,0,0.6736114353372167,0.0,0.3617057176686083,0.0
lovro golic,G38,Roma,D,0.5742201644753837,0.0,0.0,0,0.0574220164475383,0.0,0.0287110082237691,0.0
mehmet zeki celik,G38,Roma,D,0.5716159913938628,0.0,0.0,0,0.0571615991393862,0.0,0.0285807995696931,0.0
rasmus kristensen,G38,Roma,D,6.474366201095471,0.0219,0.0611,0,0.6474366201095471,0.0,0.3486183100547735,0.0
rick karsdorp,G38,Roma,D,0.6666683088693798,0.0,0.0,0,0.0666668308869379,0.0,0.0333334154434689,0.0
alessandro zanoli,G38,Salernitana,D,5.317493567321279,0.0,0.0,0,0.5317493567321279,0.0,0.2658746783660639,0.0
domagoj bradaric,G38,Salernitana,D,6.857367634409743,0.0,0.0,0,0.6857367634409743,0.0,0.3428683817204871,0.0
dylan bronn,G38,Salernitana,D,0.1054690098016011,0.0,0.0,0,0.0105469009801601,0.0,0.00527345049008,0.0
emanuele elia,G38,Salernitana,D,0.1054690098016011,0.0,0.0,0,0.0105469009801601,0.0,0.00527345049008,0.0
federico fazio,G38,Salernitana,D,0.0,0.0219,0.0611,0,0.0,0.0,0.0249,0.0
flavius daniliuc,G38,Salernitana,D,0.0664064135787858,0.0,0.0,0,0.0066406413578785,0.0,0.0033203206789392,0.0
gerardo fusco,G38,Salernitana,D,0.1888025484102735,0.0,0.0,0,0.0188802548410273,0.0,0.0094401274205136,0.0
jerome boateng,G38,Salernitana,D,0.1119794425054036,0.0,0.0,0,0.0111979442505403,0.0,0.0055989721252701,0.0
konstantinos manolas,G38,Salernitana,D,0.1093752694238826,0.0,0.0,0,0.0109375269423882,0.0,0.0054687634711941,0.0
lorenzo pirola,G38,Salernitana,D,6.442527228193719,0.0,0.0,0,0.644252722819372,0.0,0.322126361409686,0.0
marco pellegrino,G38,Salernitana,D,0.0559897212527018,0.0,0.0,0,0.0055989721252701,0.0,0.002799486062635,0.0
niccolo pierozzi,G38,Salernitana,D,0.0065104327038025,0.0219,0.0753,1,0.0006510432703802,0.3333333333333333,0.0961521883018567,0.0
norbert gyomber,G38,Salernitana,D,5.880740505347071,0.0,0.0,0,0.5880740505347071,0.0,0.2940370252673535,0.0
triantafyllos pasalidis,G38,Salernitana,D,0.0351563366005336,0.0,0.0,0,0.0035156336600533,0.0,0.0017578168300266,0.0
filippo missori,G38,Sassuolo,D,0.1718754233803869,0.0,0.0,0,0.0171875423380386,0.0,0.0085937711690193,0.0
gian marco ferrari,G38,Sassuolo,D,6.584827075654534,0.0219,0.0611,0,0.6584827075654534,0.0,0.3541413537827266,0.0
jeremy toljan,G38,Sassuolo,D,6.520620198439282,0.0,0.0,0,0.6520620198439282,0.0,0.3260310099219641,0.0
josh doig,G38,Sassuolo,D,5.493828332522123,0.0,0.0,0,0.5493828332522124,0.0,0.2746914166261062,0.0
kevin miranda,G38,Sassuolo,D,0.1575524714320214,0.0,0.0,0,0.0157552471432021,0.0,0.007877623571601,0.0
marash kumbulla,G38,Sassuolo,D,0.1054690098016011,0.0,0.0,0,0.0105469009801601,0.0,0.00527345049008,0.0
marcus holmgren pedersen,G38,Sassuolo,D,6.129507286303051,0.0,0.0,0,0.6129507286303051,0.0,0.3064753643151525,0.0
martin erlic,G38,Sassuolo,D,6.787276709338567,0.0219,0.0611,0,0.6787276709338567,0.0,0.3642638354669283,0.0
matias vina,G38,Sassuolo,D,0.2018234138178786,0.0,0.0,0,0.0201823413817878,0.0,0.0100911706908939,0.0
mattia viti,G38,Sassuolo,D,0.1341149136983322,0.0,0.0486,0,0.0134114913698332,0.0,0.0212857456849166,0.0
ruan tressoldi,G38,Sassuolo,D,6.502189011163993,0.0,0.0,0,0.6502189011163992,0.0,0.3251094505581996,0.0
adam masina,G38,Torino,D,6.883690278339764,0.0,0.0,0,0.6883690278339765,0.0,0.3441845139169882,0.0
alessandro buongiorno,G38,Torino,D,8.048149317558359,0.077,0.0861,0,0.8048149317558358,0.0,0.4513374658779179,1.0
alessandro dellavalle,G38,Torino,D,0.9388043958883258,0.0,0.0,0,0.0938804395888325,0.0,0.0469402197944162,0.0
brandon soppy,G38,Torino,D,0.9466169151328888,0.0,0.0,0,0.0946616915132888,0.0,0.0473308457566444,0.0
brian bayeye,G38,Torino,D,0.9388043958883258,0.0,0.0,0,0.0938804395888325,0.0,0.0469402197944162,0.0
david zima,G38,Torino,D,0.9388043958883258,0.0,0.0,0,0.0938804395888325,0.0,0.0469402197944162,0.0
koffi djidji,G38,Torino,D,0.8893251073394265,0.0,0.0,0,0.0889325107339426,0.0,0.0444662553669713,0.0
matteo lovato,G38,Torino,D,7.10320062148768,0.0,0.0,0,0.710320062148768,0.0,0.355160031074384,0.0
mergim vojvoda,G38,Torino,D,7.430012109189082,0.0,0.0,0,0.7430012109189083,0.0,0.3715006054594541,0.0
perr schuurs,G38,Torino,D,0.914064751613876,0.0219,0.0611,0,0.0914064751613876,0.0,0.0706032375806938,0.0
raoul bellanova,G38,Torino,D,9.29246589541238,0.0219,0.0611,0,0.929246589541238,0.0,0.489523294770619,1.0
ricardo rodriguez,G38,Torino,D,8.475810136385581,0.1109,0.0898,1,0.8475810136385581,0.3333333333333333,0.5506671734859457,1.0
saba sazonov,G38,Torino,D,0.8541687707388927,0.0,0.0,0,0.0854168770738892,0.0,0.0427084385369446,0.0
valentino lazaro,G38,Torino,D,7.532585258218588,0.0,0.0,0,0.7532585258218588,0.0,0.3766292629109294,0.0
wilfried singo,G38,Torino,D,0.9388043958883258,0.0,0.0,0,0.0938804395888325,0.0,0.0469402197944162,0.0
antonio tikvic,G38,Udinese,D,0.4700532412145431,0.0,0.0,0,0.0470053241214543,0.0,0.0235026620607271,0.0
axel guessand,G38,Udinese,D,0.4700532412145431,0.0,0.0,0,0.0470053241214543,0.0,0.0235026620607271,0.0
christian kabasele,G38,Udinese,D,0.3971363949319547,0.0219,0.0611,0,0.0397136394931954,0.0,0.0447568197465977,0.0
enzo ebosse,G38,Udinese,D,0.4700532412145431,0.0,0.0,0,0.0470053241214543,0.0,0.0235026620607271,0.0
festy ebosele,G38,Udinese,D,5.552815314853555,0.0,0.0,0,0.5552815314853554,0.0,0.2776407657426777,0.0
hassane kamara,G38,Udinese,D,6.871374291008642,0.0219,0.0611,0,0.6871374291008643,0.0,0.3684687145504321,0.0
jaka bijol,G38,Udinese,D,7.025523494026534,0.0,0.0,0,0.7025523494026534,0.0,0.3512761747013267,0.0
james abankwah,G38,Udinese,D,0.4700532412145431,0.0,0.0,0,0.0470053241214543,0.0,0.0235026620607271,0.0
joao ferreira,G38,Udinese,D,6.761606872714297,0.0,0.0,0,0.6761606872714296,0.0,0.3380803436357148,0.0
jordan zemura,G38,Udinese,D,5.511032956814196,0.0219,0.0611,0,0.5511032956814196,0.0,0.3004516478407097,0.0
kingsley ehizibue,G38,Udinese,D,5.274571731267931,0.0,0.0,0,0.5274571731267932,0.0,0.2637285865633966,0.0
lautaro gianetti,G38,Udinese,D,0.3606779717906606,0.0219,0.0611,0,0.036067797179066,0.0,0.042933898589533,0.0
nehuen perez,G38,Udinese,D,7.698919529223019,0.0475,0.0736,0,0.769891952922302,0.0,0.421275976461151,0.0
samuel john nwachukwu,G38,Udinese,D,0.4700532412145431,0.0,0.0,0,0.0470053241214543,0.0,0.0235026620607271,0.0
thomas kristensen,G38,Udinese,D,7.168827623322794,0.0,0.0,0,0.7168827623322793,0.0,0.3584413811661396,0.0
bruno amione,G38,Verona,D,0.372396750657505,0.0,0.0,0,0.0372396750657505,0.0,0.0186198375328752,0.0
christian corradi,G38,Verona,D,0.4179697795841228,0.0,0.0,0,0.0417969779584122,0.0,0.0208984889792061,0.0
denis cazzadori,G38,Verona,D,0.4179697795841228,0.0,0.0,0,0.0417969779584122,0.0,0.0208984889792061,0.0
diego coppola,G38,Verona,D,6.583032480590638,0.0475,0.105,0,0.6583032480590638,0.0,0.3749016240295319,0.0
fabien centonze,G38,Verona,D,0.4388031642362908,0.0,0.0,0,0.043880316423629,0.0,0.0219401582118145,0.0
federico ceccherini,G38,Verona,D,0.4179697795841228,0.0,0.0,0,0.0417969779584122,0.0,0.0208984889792061,0.0
giangiacomo magnani,G38,Verona,D,7.1264186773811256,0.0,0.0,0,0.7126418677381126,0.0,0.3563209338690563,0.0
juan cabal,G38,Verona,D,6.364828627726462,0.0,0.0,0,0.6364828627726462,0.0,0.3182414313863231,0.0
marco davide faraoni,G38,Verona,D,5.908289065024308,0.0,0.0,0,0.5908289065024308,0.0,0.2954144532512154,0.0
nicolo calabrese,G38,Verona,D,0.4179697795841228,0.0,0.0,0,0.0417969779584122,0.0,0.0208984889792061,0.0
pawel dawidowicz,G38,Verona,D,7.352442397522099,0.0,0.0,0,0.7352442397522099,0.0,0.3676221198761049,0.0
ruben vinagre,G38,Verona,D,0.4427094238585724,0.0,0.0,0,0.0442709423858572,0.0,0.0221354711929286,0.0
ismael bennacer,G38,AC Milan,C,5.675288074386936,0.2637,0.125,2,0.5675288074386936,0.6666666666666666,0.5337077370526802,1.0
kevin zeroli,G38,AC Milan,C,0.0558110363868374,0.0,0.0,0,0.0055811036386837,0.0,0.0027905518193418,0.0
luka romero,G38,AC Milan,C,0.0334866218321024,0.0,0.0,0,0.0033486621832102,0.0,0.0016743310916051,0.0
rade krunic,G38,AC Milan,C,0.1387302904472816,0.0,0.0,0,0.0138730290447281,0.0,0.006936514522364,0.0
ruben loftus-cheek,G38,AC Milan,C,5.879509444111052,0.1374,0.1236,0,0.5879509444111052,0.0,0.3722754722055525,0.0
tijjani reijnders,G38,AC Milan,C,7.374313759986805,0.077,0.1003,1,0.7374313759986805,0.3333333333333333,0.4885723546660069,1.0
tommaso pobega,G38,AC Milan,C,0.1020544665359313,0.0,0.0,0,0.0102054466535931,0.0,0.0051027233267965,0.0
victor eletu,G38,AC Milan,C,0.0558110363868374,0.0,0.0,0,0.0055811036386837,0.0,0.0027905518193418,0.0
yacine adli,G38,AC Milan,C,6.420345786191055,0.0219,0.0611,0,0.6420345786191055,0.0,0.3459172893095527,0.0
yunus musah,G38,AC Milan,C,4.67621181574357,0.0,0.0,0,0.467621181574357,0.0,0.2338105907871785,0.0
davide zappacosta,G38,Atalanta,C,4.999450385124126,0.0475,0.0736,0,0.4999450385124125,0.0,0.2863025192562063,0.0
ederson,G38,Atalanta,C,6.047737755632112,0.1651,0.1236,0,0.6047737755632112,0.0,0.3889968877816055,0.0
mario pasalic,G38,Atalanta,C,7.367436611029462,0.1603,0.1463,0,0.7367436611029462,0.0,0.4603518305514731,1.0
marten de roon,G38,Atalanta,C,5.402941797835493,0.0,0.0,0,0.5402941797835493,0.0,0.2701470898917746,0.0
michel ndary adopo,G38,Atalanta,C,0.1913521247548712,0.0,0.0,0,0.0191352124754871,0.0,0.0095676062377435,0.0
teun koopmeiners,G38,Atalanta,C,8.678701709568648,0.3664,0.2278,1,0.8678701709568648,0.3333333333333333,0.678861752145099,1.0
giovanni fabbian,G38,Bologna,C,4.861222912373084,0.1887,0.1236,0,0.4861222912373084,0.0,0.3367511456186542,0.0
kacper urbanski,G38,Bologna,C,4.425946937535791,0.0,0.0,0,0.442594693753579,0.0,0.2212973468767895,0.0
lewis ferguson,G38,Bologna,C,7.006488504037295,0.1887,0.1236,0,0.7006488504037295,0.0,0.4440144252018647,0.0
michel aebischer,G38,Bologna,C,5.320367732114135,0.0,0.0,0,0.5320367732114135,0.0,0.2660183866057067,0.0
nicolas dominguez,G38,Bologna,C,0.0924868602981877,0.0,0.0,0,0.0092486860298187,0.0,0.0046243430149093,0.0
niklas pyyhtia,G38,Bologna,C,0.0558110363868374,0.0,0.0,0,0.0055811036386837,0.0,0.0027905518193418,0.0
nikola moro,G38,Bologna,C,4.525944488037703,0.0219,0.0611,0,0.4525944488037702,0.0,0.2511972244018851,0.0
oussama el azzouzi,G38,Bologna,C,0.4177854723814689,0.0475,0.105,0,0.0417785472381468,0.0,0.0666392736190734,0.0
remo freuler,G38,Bologna,C,5.781805983920597,0.0219,0.0611,0,0.5781805983920597,0.0,0.3139902991960298,0.0
alessandro deiola,G38,Cagliari,C,3.409035605203178,0.0,0.0486,0,0.3409035605203178,0.0,0.1850317802601589,0.0
antoine makoumbou,G38,Cagliari,C,4.907186937647034,0.0,0.0,0,0.4907186937647034,0.0,0.2453593468823517,0.0
christos kourfalidis,G38,Cagliari,C,0.0558110363868374,0.0,0.0,0,0.0055811036386837,0.0,0.0027905518193418,0.0
gaetano oristanio,G38,Cagliari,C,3.897394104297538,0.0219,0.0611,0,0.3897394104297538,0.0,0.2197697052148769,0.0
gianluca gaetano,G38,Cagliari,C,4.906114284579282,0.1374,0.155,0,0.4906114284579281,0.0,0.3330257142289641,0.0
ibrahim sulemana,G38,Cagliari,C,3.9219479982005527,0.0475,0.0736,0,0.3921947998200553,0.0,0.2324273999100276,0.0
jakub jankto,G38,Cagliari,C,0.5007047264419131,0.0219,0.0611,0,0.0500704726441913,0.0,0.0499352363220956,0.0
marco mancosu,G38,Cagliari,C,0.1690277102001363,0.0,0.0,0,0.0169027710200136,0.0,0.0084513855100068,0.0
marko rog,G38,Cagliari,C,0.0558110363868374,0.0,0.0,0,0.0055811036386837,0.0,0.0027905518193418,0.0
matteo prati,G38,Cagliari,C,4.322342363278718,0.1109,0.0898,1,0.4322342363278718,0.3333333333333333,0.3429937848306025,2.0
nahitan nandez,G38,Cagliari,C,5.381050385756043,0.0475,0.0878,1,0.5381050385756043,0.3333333333333333,0.3763091859544688,2.0
nicolas viola,G38,Cagliari,C,5.512699491542781,0.1265,0.1111,0,0.5512699491542781,0.0,0.346914974577139,0.0
nunzio lella,G38,Cagliari,C,0.0558110363868374,0.0,0.0,0,0.0055811036386837,0.0,0.0027905518193418,0.0
alberto cerri,G38,Empoli,C,0.2726767777756915,0.0,0.0,0,0.0272676777775691,0.0,0.0136338388887845,0.0
alberto grassi,G38,Empoli,C,4.0675161074040975,0.0,0.0,0,0.4067516107404098,0.0,0.2033758053702049,0.0
alessandro sodero,G38,Empoli,C,0.0558110363868374,0.0,0.0,0,0.0055811036386837,0.0,0.0027905518193418,0.0
filippo ranocchia,G38,Empoli,C,0.1451086946057773,0.0,0.0,0,0.0145108694605777,0.0,0.0072554347302888,0.0
giovanni crociata,G38,Empoli,C,0.0558110363868374,0.0,0.0,0,0.0055811036386837,0.0,0.0027905518193418,0.0
iwo kaczmarski,G38,Empoli,C,0.0558110363868374,0.0,0.0,0,0.0055811036386837,0.0,0.0027905518193418,0.0
jacopo fazzini,G38,Empoli,C,4.195318731867274,0.0219,0.0611,0,0.4195318731867273,0.0,0.2346659365933636,0.0
liam henderson,G38,Empoli,C,0.0558110363868374,0.0,0.0,0,0.0055811036386837,0.0,0.0027905518193418,0.0
lorenzo ignacchiti,G38,Empoli,C,0.0558110363868374,0.0,0.0,0,0.0055811036386837,0.0,0.0027905518193418,0.0
luca belardinelli,G38,Empoli,C,0.0558110363868374,0.0,0.0,0,0.0055811036386837,0.0,0.0027905518193418,0.0
nicolas haas,G38,Empoli,C,0.0287028187132306,0.0,0.0,0,0.002870281871323,0.0,0.0014351409356615,0.0
razvan marin,G38,Empoli,C,5.358576940183092,0.0,0.0,0,0.5358576940183092,0.0,0.2679288470091546,0.0
simone bastoni,G38,Empoli,C,0.4735965087683064,0.0219,0.0611,0,0.0473596508768306,0.0,0.0485798254384153,0.0
szymon zurkowski,G38,Empoli,C,0.3683528401531271,0.0522,0.0986,0,0.0368352840153127,0.0,0.0636576420076563,0.0
viktor kovalenko,G38,Empoli,C,0.4911371202041695,0.0219,0.0611,0,0.0491137120204169,0.0,0.0494568560102084,0.0
youssef maleh,G38,Empoli,C,4.60950224076004,0.0,0.0,0,0.460950224076004,0.0,0.230475112038002,0.0
alfred duncan,G38,Fiorentina,C,6.12211604101011,0.0475,0.0736,0,0.612211604101011,0.0,0.3424358020505055,0.0
antonin barak,G38,Fiorentina,C,4.893110304873073,0.0475,0.0963,0,0.4893110304873073,0.0,0.2877955152436536,0.0
arthur,G38,Fiorentina,C,7.412418368645463,0.0219,0.0753,1,0.7412418368645464,0.3333333333333333,0.4664475850989398,1.0
gaetano castrovilli,G38,Fiorentina,C,0.4943263222834173,0.0219,0.0903,1,0.0494326322283417,0.3333333333333333,0.1250429827808375,0.0
giacomo bonaventura,G38,Fiorentina,C,7.352489920977727,0.182,0.1361,0,0.7352489920977727,0.0,0.4630544960488864,1.0
gino infantino,G38,Fiorentina,C,0.0558110363868374,0.0,0.0,0,0.0055811036386837,0.0,0.0027905518193418,0.0
jonathan ikone,G38,Fiorentina,C,4.864263515408084,0.092,0.13,0,0.4864263515408084,0.0,0.3098131757704042,0.0
lorenzo amatucci,G38,Fiorentina,C,0.0605948395057092,0.0,0.0,0,0.0060594839505709,0.0,0.0030297419752854,0.0
maxime lopez,G38,Fiorentina,C,5.20438778255191,0.0,0.0,0,0.520438778255191,0.0,0.2602193891275955,0.0
rolando mandragora,G38,Fiorentina,C,5.139622049274291,0.0616,0.0861,0,0.5139622049274291,0.0,0.3012911024637145,0.0
abdou harroui,G38,Frosinone,C,1.1034639194197575,0.0462,0.0861,0,0.1103463919419757,0.0,0.0948631959709878,0.0
arijon ibrahimovic,G38,Frosinone,C,0.4959209233230413,0.0,0.0,0,0.0495920923323041,0.0,0.024796046166152,0.0
enzo barrenechea,G38,Frosinone,C,5.240230513814849,0.0,0.0,0,0.5240230513814849,0.0,0.2620115256907424,0.0
francesco gelli,G38,Frosinone,C,4.827520982374294,0.0,0.0,0,0.4827520982374294,0.0,0.2413760491187147,0.0
karlo lulic,G38,Frosinone,C,0.0558110363868374,0.0,0.0,0,0.0055811036386837,0.0,0.0027905518193418,0.0
luca garritano,G38,Frosinone,C,0.1722169122793841,0.0,0.0,0,0.0172216912279384,0.0,0.0086108456139692,0.0
luca mazzitelli,G38,Frosinone,C,5.103031036251568,0.1764,0.1361,0,0.5103031036251567,0.0,0.3489015518125783,0.0
marco brescianini,G38,Frosinone,C,5.463870326944722,0.077,0.1088,0,0.5463870326944722,0.0,0.3289335163472361,0.0
mehdi bourabia,G38,Frosinone,C,0.0127568083169914,0.0,0.0,0,0.0012756808316991,0.0,0.0006378404158495,0.0
reinier,G38,Frosinone,C,4.603497514652185,0.0475,0.0736,0,0.4603497514652185,0.0,0.2665048757326093,0.0
berkan kutlu,G38,Genoa,C,0.239190155943589,0.0,0.0,0,0.0239190155943589,0.0,0.0119595077971794,0.0
christos papadopoulos,G38,Genoa,C,0.0558110363868374,0.0,0.0,0,0.0055811036386837,0.0,0.0027905518193418,0.0
filip jagiello,G38,Genoa,C,0.0558110363868374,0.0,0.0,0,0.0055811036386837,0.0,0.0027905518193418,0.0
kevin strootman,G38,Genoa,C,4.444744840054523,0.0,0.0,0,0.4444744840054523,0.0,0.2222372420027261,0.0
milan badelj,G38,Genoa,C,5.165731358007172,0.0219,0.0753,1,0.5165731358007173,0.3333333333333333,0.3541132345670253,2.0
morten frendrup,G38,Genoa,C,4.843752013307233,0.0475,0.0963,0,0.4843752013307233,0.0,0.2853276006653616,0.0
morten thorsby,G38,Genoa,C,4.077748274733006,0.0475,0.0963,0,0.4077748274733005,0.0,0.2470274137366502,0.0
pablo galdames,G38,Genoa,C,0.0558110363868374,0.0,0.0,0,0.0055811036386837,0.0,0.0027905518193418,0.0
ruslan malinovsky,G38,Genoa,C,4.67047454323114,0.0616,0.0861,0,0.4670474543231139,0.0,0.2778337271615569,0.0
davide frattesi,G38,Inter,C,5.335925583046782,0.1887,0.1378,1,0.5335925583046782,0.3333333333333333,0.4314129458190058,1.0
davy klaassen,G38,Inter,C,0.1339464873284098,0.0,0.0,0,0.0133946487328409,0.0,0.0066973243664204,0.0
ebenezer akinsanmiro,G38,Inter,C,0.0877030571793159,0.0,0.0,0,0.0087703057179315,0.0,0.0043851528589657,0.0
hakan calhanoglu,G38,Inter,C,10.0,0.3298,0.2433,0,1.0,0.0,0.6719299999999999,1.0
henrikh mkhitaryan,G38,Inter,C,7.13269955127861,0.0347,0.0736,0,0.713269955127861,0.0,0.3891249775639305,0.0
juan cuadrado,G38,Inter,C,0.5628941669872463,0.0,0.0,0,0.0562894166987246,0.0,0.0281447083493623,0.0
kristjan asllani,G38,Inter,C,5.402988430453615,0.0219,0.0611,0,0.5402988430453615,0.0,0.2950494215226807,0.0
lucien agoume,G38,Inter,C,0.0558110363868374,0.0,0.0,0,0.0055811036386837,0.0,0.0027905518193418,0.0
nicolo barella,G38,Inter,C,7.30139511463939,0.0475,0.0736,0,0.730139511463939,0.0,0.4013997557319695,0.0
stefano sensi,G38,Inter,C,0.2296225497058454,0.0,0.0,0,0.0229622549705845,0.0,0.0114811274852922,0.0
tajon buchanan,G38,Inter,C,0.1977305289133669,0.0219,0.0753,1,0.0197730528913366,0.3333333333333333,0.105713193112335,0.0
adrien rabiot,G38,Juventus,C,6.522715758283561,0.1265,0.1253,1,0.6522715758283562,0.3333333333333333,0.4683424545808447,1.0
carlos alcaraz,G38,Juventus,C,0.240784756983213,0.0,0.0,0,0.0240784756983213,0.0,0.0120392378491606,0.0
fabio miretti,G38,Juventus,C,4.432896102724298,0.0219,0.0611,0,0.4432896102724298,0.0,0.2465448051362149,0.0
filip kostic,G38,Juventus,C,5.556861424282179,0.0,0.0,0,0.5556861424282179,0.0,0.2778430712141089,0.0
hans nicolussi caviglia,G38,Juventus,C,0.4241638765399646,0.0,0.0,0,0.0424163876539964,0.0,0.0212081938269982,0.0
joseph boende,G38,Juventus,C,0.0,0.0,0.0,0,0.0,0.0,0.0,0.0
manuel locatelli,G38,Juventus,C,5.967907033146688,0.0219,0.0611,0,0.5967907033146689,0.0,0.3232953516573344,0.0
nicolo fagioli,G38,Juventus,C,0.607542996096716,0.0,0.0,0,0.0607542996096716,0.0,0.0303771498048358,0.0
nikola sekulov,G38,Juventus,C,0.0558110363868374,0.0,0.0,0,0.0055811036386837,0.0,0.0027905518193418,0.0
paul pogba,G38,Juventus,C,0.0924868602981877,0.0,0.0,0,0.0092486860298187,0.0,0.0046243430149093,0.0
timothy weah,G38,Juventus,C,4.099402286262943,0.0,0.0,0,0.4099402286262942,0.0,0.2049701143131471,0.0
weston mckennie,G38,Juventus,C,6.097838219611646,0.0,0.0,0,0.6097838219611645,0.0,0.3048919109805822,0.0
andre anderson,G38,Lazio,C,0.0558110363868374,0.0,0.0,0,0.0055811036386837,0.0,0.0027905518193418,0.0
daichi kamada,G38,Lazio,C,5.799796794509621,0.1758,0.1023,1,0.5799796794509622,0.3333333333333333,0.4400865063921477,1.0
danilo cataldi,G38,Lazio,C,4.618573076937065,0.0219,0.0611,0,0.4618573076937065,0.0,0.2558286538468532,0.0
felipe anderson,G38,Lazio,C,7.096368092898793,0.1104,0.0986,0,0.7096368092898793,0.0,0.4175184046449396,0.0
luis alberto,G38,Lazio,C,8.240300382518294,0.1265,0.1425,0,0.8240300382518294,0.0,0.4927150191259147,1.0
manuel lazzari,G38,Lazio,C,4.500337894150118,0.0,0.0,0,0.4500337894150118,0.0,0.2250168947075059,0.0
matias vecino,G38,Lazio,C,5.286469109969563,0.1651,0.2023,2,0.5286469109969563,0.6666666666666666,0.5078767888318114,1.0
matteo guendouzi,G38,Lazio,C,5.549007973021652,0.0475,0.0736,0,0.5549007973021652,0.0,0.3137803986510826,0.0
mattia zaccagni,G38,Lazio,C,6.070135070936132,0.1476,0.1338,0,0.6070135070936132,0.0,0.3879267535468066,0.0
nicolo rovella,G38,Lazio,C,4.828671143913633,0.0,0.0,0,0.4828671143913633,0.0,0.2414335571956816,0.0
alexis blin,G38,Lecce,C,4.14332321866978,0.0,0.0,0,0.414332321866978,0.0,0.207166160933489,0.0
antonino viola,G38,Lecce,C,0.0558110363868374,0.0,0.0,0,0.0055811036386837,0.0,0.0027905518193418,0.0
catalin vulturar,G38,Lecce,C,0.0558110363868374,0.0,0.0,0,0.0055811036386837,0.0,0.0027905518193418,0.0
daniel samek,G38,Lecce,C,0.0558110363868374,0.0,0.0,0,0.0055811036386837,0.0,0.0027905518193418,0.0
gabriel strefezza,G38,Lecce,C,4.139890959239084,0.0219,0.0611,0,0.4139890959239084,0.0,0.2318945479619542,0.0
giacomo faticanti,G38,Lecce,C,0.0558110363868374,0.0,0.0,0,0.0055811036386837,0.0,0.0027905518193418,0.0
hamza rafia,G38,Lecce,C,3.936898267465148,0.0219,0.0611,0,0.3936898267465148,0.0,0.2217449133732574,0.0
joan gonzalez,G38,Lecce,C,4.267975395289502,0.0,0.0,0,0.4267975395289502,0.0,0.2133987697644751,0.0
marcin listkowski,G38,Lecce,C,0.0558110363868374,0.0,0.0,0,0.0055811036386837,0.0,0.0027905518193418,0.0
medon berisha,G38,Lecce,C,0.2344063528247172,0.0,0.0,0,0.0234406352824717,0.0,0.0117203176412358,0.0
mohamed kaba,G38,Lecce,C,4.154481106207489,0.0,0.0,0,0.4154481106207489,0.0,0.2077240553103744,0.0
orir johann helgason,G38,Lecce,C,0.0558110363868374,0.0,0.0,0,0.0055811036386837,0.0,0.0027905518193418,0.0
remi oudin,G38,Lecce,C,6.116096360374965,0.077,0.0861,0,0.6116096360374965,0.0,0.3547348180187483,0.0
ylber ramadani,G38,Lecce,C,4.112758962427168,0.0219,0.0611,0,0.4112758962427167,0.0,0.2305379481213584,0.0
alejandro gomez,G38,Monza,C,0.1020544665359313,0.0,0.0,0,0.0102054466535931,0.0,0.0051027233267965,0.0
andrea colpani,G38,Monza,C,7.61769439252209,0.2377,0.1611,0,0.761769439252209,0.0,0.5005247196261045,1.0
franco carboni,G38,Monza,C,0.0558110363868374,0.0,0.0,0,0.0055811036386837,0.0,0.0027905518193418,0.0
jean-daniel akpa-akpro,G38,Monza,C,3.44364215039701,0.0,0.0,0,0.344364215039701,0.0,0.1721821075198505,0.0
jose machin,G38,Monza,C,0.0701624457434527,0.0,0.0,0,0.0070162445743452,0.0,0.0035081222871726,0.0
matteo pessina,G38,Monza,C,7.662182403895132,0.1651,0.1463,0,0.7662182403895132,0.0,0.4765291201947566,1.0
mattia valoti,G38,Monza,C,0.0558110363868374,0.0,0.0,0,0.0055811036386837,0.0,0.0027905518193418,0.0
roberto gagliardini,G38,Monza,C,5.703664855606901,0.0219,0.0611,0,0.57036648556069,0.0,0.310083242780345,0.0
samuel vignato,G38,Monza,C,0.2423793580228368,0.0,0.0,0,0.0242379358022836,0.0,0.0121189679011418,0.0
valentin carboni,G38,Monza,C,5.343029826889025,0.077,0.0861,0,0.5343029826889025,0.0,0.3160814913444513,0.0
warren bondo,G38,Monza,C,4.139024789727004,0.0219,0.0611,0,0.4139024789727004,0.0,0.2318512394863502,0.0
andre-frank zambo anguissa,G38,Napoli,C,6.45236427250458,0.0,0.0,0,0.645236427250458,0.0,0.322618213625229,0.0
diego demme,G38,Napoli,C,0.0239190155943589,0.0,0.0,0,0.0023919015594358,0.0,0.0011959507797179,0.0
eljif elmas,G38,Napoli,C,0.34921762767764,0.0475,0.0736,0,0.034921762767764,0.0,0.053790881383882,0.0
hamed traore,G38,Napoli,C,0.3205148089644093,0.0,0.0,0,0.0320514808964409,0.0,0.0160257404482204,0.0
jens-lys cajuste,G38,Napoli,C,4.151743522624434,0.0,0.0,0,0.4151743522624434,0.0,0.2075871761312217,0.0
jesper lindstrm,G38,Napoli,C,3.77706076224793,0.0,0.0,0,0.377706076224793,0.0,0.1888530381123965,0.0
karim zedadka,G38,Napoli,C,0.0558110363868374,0.0,0.0,0,0.0055811036386837,0.0,0.0027905518193418,0.0
leander dendoncker,G38,Napoli,C,0.0558110363868374,0.0,0.0,0,0.0055811036386837,0.0,0.0027905518193418,0.0
piotr zielinski,G38,Napoli,C,7.109329410033326,0.077,0.0861,0,0.7109329410033326,0.0,0.4043964705016662,0.0
stanislav lobotka,G38,Napoli,C,6.096000622931142,0.0,0.0,0,0.6096000622931143,0.0,0.3048000311465571,0.0
bryan cristante,G38,Roma,C,6.310263186350888,0.0219,0.0611,0,0.6310263186350887,0.0,0.3404131593175443,0.0
edoardo bove,G38,Roma,C,4.795176993392412,0.0,0.0,0,0.4795176993392412,0.0,0.2397588496696206,0.0
francesco d'alessio,G38,Roma,C,0.0558110363868374,0.0,0.0,0,0.0055811036386837,0.0,0.0027905518193418,0.0
houssem aouar,G38,Roma,C,0.6458134210476904,0.077,0.0861,0,0.064581342104769,0.0,0.0812206710523845,0.0
leandro paredes,G38,Roma,C,6.499368223675822,0.077,0.0861,0,0.6499368223675822,0.0,0.3738984111837911,0.0
lorenzo pellegrini,G38,Roma,C,6.794004829979079,0.2268,0.1628,1,0.6794004829979079,0.3333333333333333,0.5232469081656206,1.0
mattia mannini,G38,Roma,C,0.0558110363868374,0.0,0.0,0,0.0055811036386837,0.0,0.0027905518193418,0.0
niccolo pisilli,G38,Roma,C,0.0558110363868374,0.0,0.0,0,0.0055811036386837,0.0,0.0027905518193418,0.0
nicola zalewski,G38,Roma,C,3.873978688066596,0.0,0.0,0,0.3873978688066596,0.0,0.1936989344033298,0.0
renato sanches,G38,Roma,C,0.1371356894076577,0.0219,0.0611,0,0.0137135689407657,0.0,0.0317567844703828,0.0
riccardo pagano,G38,Roma,C,0.0924868602981877,0.0,0.0,0,0.0092486860298187,0.0,0.0046243430149093,0.0
agustin martegani,G38,Salernitana,C,0.326893213122905,0.0219,0.0611,0,0.0326893213122905,0.0,0.0412446606561452,0.0
antonio candreva,G38,Salernitana,C,7.790139201923737,0.1374,0.1236,0,0.7790139201923737,0.0,0.4678069600961868,1.0
antonio pio iervolino,G38,Salernitana,C,0.0558110363868374,0.0,0.0,0,0.0055811036386837,0.0,0.0027905518193418,0.0
emanuel vignato,G38,Salernitana,C,0.2567307673794522,0.0,0.0,0,0.0256730767379452,0.0,0.0128365383689726,0.0
emil bohinen,G38,Salernitana,C,0.261514570498324,0.0,0.0,0,0.0261514570498323,0.0,0.0130757285249161,0.0
giulio maggiore,G38,Salernitana,C,4.967073278138196,0.2146,0.1273,1,0.4967073278138196,0.3333333333333333,0.4175903305735764,1.0
grigoris kastanos,G38,Salernitana,C,5.199983499417313,0.077,0.0861,0,0.5199983499417313,0.0,0.3089291749708657,0.0
iron gomis,G38,Salernitana,C,0.173811513319008,0.0,0.0,0,0.0173811513319008,0.0,0.0086905756659504,0.0
junior sambia,G38,Salernitana,C,0.5597049649079984,0.0,0.0486,0,0.0559704964907998,0.0,0.0425652482453999,0.0
lassana coulibaly,G38,Salernitana,C,4.2841864731392585,0.0,0.0,0,0.4284186473139258,0.0,0.2142093236569629,0.0
loum tchaouna,G38,Salernitana,C,4.941976783793706,0.1104,0.1278,1,0.4941976783793705,0.3333333333333333,0.3852255058563519,2.0
mamadou coulibaly,G38,Salernitana,C,0.0558110363868374,0.0,0.0,0,0.0055811036386837,0.0,0.0027905518193418,0.0
mateusz legowski,G38,Salernitana,C,3.293745703196102,0.0,0.0,0,0.3293745703196102,0.0,0.1646872851598051,0.0
toma basic,G38,Salernitana,C,0.4688127056494344,0.0,0.0,0,0.0468812705649434,0.0,0.0234406352824717,0.0
daniel boloca,G38,Sassuolo,C,4.913681275389887,0.0,0.0,0,0.4913681275389887,0.0,0.2456840637694943,0.0
justin kumi,G38,Sassuolo,C,0.0558110363868374,0.0,0.0,0,0.0055811036386837,0.0,0.0027905518193418,0.0
kevin leone,G38,Sassuolo,C,0.0558110363868374,0.0,0.0,0,0.0055811036386837,0.0,0.0027905518193418,0.0
kristian thorstvedt,G38,Sassuolo,C,5.888013530444892,0.1265,0.1338,0,0.5888013530444892,0.0,0.3724906765222446,0.0
luca lipani,G38,Sassuolo,C,0.1610547050020166,0.0,0.0,0,0.0161054705002016,0.0,0.0080527352501008,0.0
matheus henrique,G38,Sassuolo,C,5.833697267971192,0.0356,0.0736,0,0.5833697267971192,0.0,0.3244448633985596,0.0
nedim bajrami,G38,Sassuolo,C,4.888083197560489,0.0475,0.0736,0,0.4888083197560489,0.0,0.2807341598780244,0.0
pedro obiang,G38,Sassuolo,C,0.2025143320322387,0.0,0.0,0,0.0202514332032238,0.0,0.0101257166016119,0.0
uros racic,G38,Sassuolo,C,3.852327782635176,0.0219,0.0611,0,0.3852327782635176,0.0,0.2175163891317588,0.0
adrien tameze,G38,Torino,C,4.664350715729848,0.0,0.0,0,0.4664350715729847,0.0,0.2332175357864923,0.0
gvidas gineitis,G38,Torino,C,0.2981903944096743,0.0,0.0,0,0.0298190394409674,0.0,0.0149095197204837,0.0
ivan ilic,G38,Torino,C,7.26598725773892,0.2218,0.1148,1,0.726598725773892,0.3333333333333333,0.5309460295536127,1.0
karol linetty,G38,Torino,C,3.85431362866672,0.0,0.0,0,0.385431362866672,0.0,0.192715681433336,0.0
samuele ricci,G38,Torino,C,5.446372192948832,0.0219,0.0611,0,0.5446372192948832,0.0,0.2972186096474415,0.0
simone verdi,G38,Torino,C,0.0877030571793159,0.0,0.0,0,0.0087703057179315,0.0,0.0043851528589657,0.0
david pejicic,G38,Udinese,C,0.0558110363868374,0.0,0.0,0,0.0055811036386837,0.0,0.0027905518193418,0.0
domingos quina,G38,Udinese,C,0.0558110363868374,0.0,0.0,0,0.0055811036386837,0.0,0.0027905518193418,0.0
etienne camara,G38,Udinese,C,0.0558110363868374,0.0,0.0,0,0.0055811036386837,0.0,0.0027905518193418,0.0
lazar samardzic,G38,Udinese,C,7.407761092758207,0.2919,0.175,2,0.7407761092758207,0.6666666666666666,0.6437913879712437,1.0
marco ballarini,G38,Udinese,C,0.0558110363868374,0.0,0.0,0,0.0055811036386837,0.0,0.0027905518193418,0.0
martin payero,G38,Udinese,C,4.123479815732578,0.0475,0.0963,0,0.4123479815732578,0.0,0.2493139907866289,0.0
oier zarraga,G38,Udinese,C,0.2806497829738111,0.0475,0.0736,0,0.0280649782973811,0.0,0.0503624891486905,0.0
quina,G38,Udinese,C,0.0558110363868374,0.0,0.0,0,0.0055811036386837,0.0,0.0027905518193418,0.0
roberto pereyra,G38,Udinese,C,5.441680791118274,0.1104,0.0986,0,0.5441680791118274,0.0,0.3347840395559137,0.0
sandi lovric,G38,Udinese,C,5.777792164110744,0.0219,0.0611,0,0.5777792164110744,0.0,0.3137896082055372,0.0
walace,G38,Udinese,C,5.077038771893244,0.0475,0.0736,0,0.5077038771893244,0.0,0.2901819385946622,0.0
charlys,G38,Verona,C,0.1195950779717945,0.0,0.0,0,0.0119595077971794,0.0,0.0059797538985897,0.0
daniel silva,G38,Verona,C,0.1068382696548031,0.0,0.0,0,0.0106838269654803,0.0,0.0053419134827401,0.0
elayis tavsan,G38,Verona,C,0.0605948395057092,0.0,0.0,0,0.0060594839505709,0.0,0.0030297419752854,0.0
joselito,G38,Verona,C,0.0558110363868374,0.0,0.0,0,0.0055811036386837,0.0,0.0027905518193418,0.0
martin hongla,G38,Verona,C,0.3524068297568878,0.0,0.0,0,0.0352406829756887,0.0,0.0176203414878443,0.0
michael folorunsho,G38,Verona,C,4.430749068692927,0.2146,0.1273,1,0.4430749068692927,0.3333333333333333,0.390774120101313,2.0
nicola patane,G38,Verona,C,0.0558110363868374,0.0,0.0,0,0.0055811036386837,0.0,0.0027905518193418,0.0
ondrej duda,G38,Verona,C,6.210522907200916,0.0219,0.0611,0,0.6210522907200916,0.0,0.3354261453600458,0.0
reda belahyane,G38,Verona,C,0.0558110363868374,0.0,0.0,0,0.0055811036386837,0.0,0.0027905518193418,0.0
riccardo saponara,G38,Verona,C,0.1658385081208884,0.0,0.0,0,0.0165838508120888,0.0,0.0082919254060444,0.0
suat serdar,G38,Verona,C,4.146367750610848,0.0,0.0,0,0.4146367750610847,0.0,0.2073183875305423,0.0
tomas suslov,G38,Verona,C,5.303053228194105,0.1758,0.1023,1,0.5303053228194105,0.3333333333333333,0.4152493280763719,1.0
chaka traore,G38,AC Milan,A,0.177114785975946,0.0219,0.0611,0,0.0177114785975945,0.0,0.0337557392987973,0.0
christian pulisic,G38,AC Milan,A,7.638988296978675,0.3298,0.43,2,0.7638988296978675,0.6666666666666666,0.7432227481822671,1.0
francesco camarda,G38,AC Milan,A,0.001946316329406,0.0,0.0,0,0.0001946316329406,0.0,9.73158164703e-05,0.0
luka jovic,G38,AC Milan,A,4.657185663706282,0.1651,0.1236,0,0.4657185663706282,0.0,0.3194692831853141,0.0
noah okafor,G38,AC Milan,A,4.464912088908567,0.1651,0.1236,0,0.4464912088908567,0.0,0.3098556044454283,0.0
olivier giroud,G38,AC Milan,A,7.9886033517632,0.4012,0.2528,1,0.79886033517632,0.3333333333333333,0.6622968342548267,1.0
rafael leao,G38,AC Milan,A,7.737022862058283,0.1701,0.1628,1,0.7737022862058283,0.3333333333333333,0.5533878097695808,1.0
samuel chukwueze,G38,AC Milan,A,3.551505491548597,0.0219,0.0611,0,0.3551505491548597,0.0,0.2024752745774298,0.0
ademola lookman,G38,Atalanta,A,7.261281116084548,0.3197,0.1963,0,0.7261281116084548,0.0,0.5178640558042273,1.0
aleksey miranchuk,G38,Atalanta,A,5.217060623788722,0.077,0.0861,0,0.5217060623788722,0.0,0.309783031189436,0.0
charles de ketelaere,G38,Atalanta,A,7.33663529112349,0.307,0.1125,3,0.733663529112349,1.0,0.6926817645561745,1.0
el bilal toure,G38,Atalanta,A,0.6048177993629147,0.0475,0.105,0,0.0604817799362914,0.0,0.0759908899681457,0.0
gianluca scamacca,G38,Atalanta,A,6.885200374732376,0.4418,0.3765,2,0.6885200374732376,0.6666666666666666,0.7230833520699521,1.0
luis muriel,G38,Atalanta,A,0.9420171034325044,0.0356,0.0736,0,0.0942017103432504,0.0,0.0798608551716252,0.0
alexis saelemaekers,G38,Bologna,A,5.237712933132613,0.092,0.2027,0,0.5237712933132613,0.0,0.3502956466566306,0.0
dan ndoye,G38,Bologna,A,3.901715493456509,0.0219,0.0753,1,0.3901715493456509,0.3333333333333333,0.2909124413394921,2.0
jens odgaard,G38,Bologna,A,0.4797669751985791,0.0475,0.0736,0,0.0479766975198579,0.0,0.0603183487599289,0.0
jesper karlsson,G38,Bologna,A,0.1849000512935701,0.0,0.0,0,0.018490005129357,0.0,0.0092450025646785,0.0
joshua zirkzee,G38,Bologna,A,7.013123983893323,0.377,0.2175,0,0.7013123983893322,0.0,0.5290061991946662,1.0
riccardo orsolini,G38,Bologna,A,6.3329608296788615,0.1798,0.1736,0,0.6332960829678862,0.0,0.4226680414839431,0.0
santiago castro,G38,Bologna,A,0.2919474494109001,0.1109,0.0898,1,0.02919474494109,0.3333333333333333,0.1414740391372116,0.0
sydney van hooijdonk,G38,Bologna,A,0.07785265317624,0.0,0.0,0,0.007785265317624,0.0,0.003892632658812,0.0
andrea petagna,G38,Cagliari,A,0.7527378403977708,0.0219,0.0611,0,0.075273784039777,0.0,0.0625368920198885,0.0
eldor shomurodov,G38,Cagliari,A,3.27795813056594,0.0475,0.0736,0,0.327795813056594,0.0,0.200227906528297,0.0
gaston pereiro,G38,Cagliari,A,0.001946316329406,0.0,0.0,0,0.0001946316329406,0.0,9.73158164703e-05,0.0
gianluca lapadula,G38,Cagliari,A,3.893838847683358,0.2218,0.1148,1,0.3893838847683358,0.3333333333333333,0.3623386090508345,2.0
jacopo desogus,G38,Cagliari,A,0.001946316329406,0.0,0.0,0,0.0001946316329406,0.0,9.73158164703e-05,0.0
kingstone mutandwa,G38,Cagliari,A,0.172248995152431,0.0,0.0486,0,0.0172248995152431,0.0,0.0231924497576215,0.0
leonardo pavoletti,G38,Cagliari,A,2.796135484280822,0.0356,0.0736,0,0.2796135484280822,0.0,0.1725667742140411,0.0
zito luvumbo,G38,Cagliari,A,4.218342271585198,0.1229,0.1111,0,0.4218342271585197,0.0,0.2811171135792599,0.0
daniel maldini,G38,Empoli,A,1.1181587312437475,0.092,0.13,0,0.1118158731243747,0.0,0.1225079365621873,0.0
emmanuel ekong,G38,Empoli,A,0.4593306537398162,0.0,0.0,0,0.0459330653739816,0.0,0.0229665326869908,0.0
emmanuel quartsin gyasi,G38,Empoli,A,2.6533762872894022,0.0219,0.0611,0,0.2653376287289402,0.0,0.1575688143644701,0.0
francesco caputo,G38,Empoli,A,3.6971940427487247,0.0475,0.0736,0,0.3697194042748725,0.0,0.2211897021374362,0.0
giacomo corona,G38,Empoli,A,0.001946316329406,0.0,0.0,0,0.0001946316329406,0.0,9.73158164703e-05,0.0
m'baye niang,G38,Empoli,A,1.628093609548119,0.4095,0.1398,1,0.1628093609548119,0.3333333333333333,0.3128613471440726,2.0
matteo cancellieri,G38,Empoli,A,3.72727840389174,0.1104,0.0986,0,0.372727840389174,0.0,0.249063920194587,0.0
mattia destro,G38,Empoli,A,0.080772127670349,0.0,0.0,0,0.0080772127670349,0.0,0.0040386063835174,0.0
nicolo cambiaghi,G38,Empoli,A,3.973908584137184,0.0219,0.0611,0,0.3973908584137184,0.0,0.2235954292068592,0.0
stiven shpendi,G38,Empoli,A,0.2072826890817391,0.0,0.0,0,0.0207282689081739,0.0,0.0103641344540869,0.0
andrea belotti,G38,Fiorentina,A,4.51878010669156,0.1112,0.1236,0,0.451878010669156,0.0,0.296379005334578,0.0
christian kouame,G38,Fiorentina,A,3.2361854343502765,0.0475,0.105,0,0.3236185434350276,0.0,0.2075592717175138,0.0
josip brekalo,G38,Fiorentina,A,0.3347664086578322,0.0219,0.0611,0,0.0334766408657832,0.0,0.0416383204328916,0.0
lucas beltran,G38,Fiorentina,A,4.86950125264437,0.1651,0.1236,0,0.486950125264437,0.0,0.3300850626322185,0.0
m'bala nzola,G38,Fiorentina,A,4.477414283987825,0.2218,0.1148,1,0.4477414283987825,0.3333333333333333,0.3915173808660579,2.0
nicolas gonzalez,G38,Fiorentina,A,6.741926252539724,0.2646,0.2279,1,0.6741926252539724,0.3333333333333333,0.5515129792936528,1.0
riccardo sottil,G38,Fiorentina,A,3.9103419279689744,0.0475,0.0963,0,0.3910341927968974,0.0,0.2386570963984487,0.0
demba seck,G38,Frosinone,A,2.4268309742894782,0.0,0.0,0,0.2426830974289478,0.0,0.1213415487144739,0.0
fares ghedjemis,G38,Frosinone,A,0.06812107152921,0.0,0.0,0,0.006812107152921,0.0,0.0034060535764605,0.0
gennaro borrelli,G38,Frosinone,A,0.001946316329406,0.0,0.0,0,0.0001946316329406,0.0,9.73158164703e-05,0.0
giorgi kvernadze,G38,Frosinone,A,0.001946316329406,0.0,0.0,0,0.0001946316329406,0.0,9.73158164703e-05,0.0
giuseppe caso,G38,Frosinone,A,0.1046145027055725,0.0,0.0,0,0.0104614502705572,0.0,0.0052307251352786,0.0
jaime baez,G38,Frosinone,A,0.4062935337635026,0.0219,0.0611,0,0.0406293533763502,0.0,0.0452146766881751,0.0
kaio jorge,G38,Frosinone,A,3.305865248662942,0.0616,0.0861,0,0.3305865248662942,0.0,0.2096032624331471,0.0
luigi canotto,G38,Frosinone,A,0.001946316329406,0.0,0.0,0,0.0001946316329406,0.0,9.73158164703e-05,0.0
marvin cuni,G38,Frosinone,A,2.349666707489096,0.0219,0.0611,0,0.2349666707489096,0.0,0.1423833353744548,0.0
matias soule,G38,Frosinone,A,8.382918373067875,0.2552,0.1713,0,0.8382918373067876,0.0,0.5470959186533938,1.0
soufiane bidaoui,G38,Frosinone,A,0.001946316329406,0.0,0.0,0,0.0001946316329406,0.0,9.73158164703e-05,0.0
walid cheddira,G38,Frosinone,A,5.348300417528841,0.3565,0.1648,1,0.5348300417528841,0.3333333333333333,0.4904716875431086,1.0
albert gudmundsson,G38,Genoa,A,9.217349622639194,0.406,0.2338,0,0.9217349622639194,0.0,0.6528074811319597,1.0
caleb ekuban,G38,Genoa,A,3.913512269381301,0.1104,0.1278,1,0.3913512269381301,0.3333333333333333,0.3338022801357317,2.0
david ankeye,G38,Genoa,A,0.023355795952872,0.0,0.0,0,0.0023355795952871,0.0,0.0011677897976435,0.0
george puscas,G38,Genoa,A,0.14597372470545,0.0,0.0,0,0.014597372470545,0.0,0.0072986862352725,0.0
junior messias,G38,Genoa,A,0.6072506947746723,0.0219,0.0611,0,0.0607250694774672,0.0,0.0552625347387336,0.0
massimo coda,G38,Genoa,A,0.001946316329406,0.0,0.0,0,0.0001946316329406,0.0,9.73158164703e-05,0.0
mateo retegui,G38,Genoa,A,4.505252030670766,0.2268,0.1778,1,0.4505252030670766,0.3333333333333333,0.4133092682002049,1.0
seydou fini,G38,Genoa,A,0.006812107152921,0.0,0.0,0,0.0006812107152921,0.0,0.000340605357646,0.0
vitor oliveira,G38,Genoa,A,0.4525185465868952,0.0219,0.0611,0,0.0452518546586895,0.0,0.0475259273293447,0.0
alexis sanchez,G38,Inter,A,4.293440294623524,0.0475,0.0736,0,0.4293440294623524,0.0,0.2510020147311762,0.0
joaquin correa,G38,Inter,A,0.001946316329406,0.0,0.0,0,0.0001946316329406,0.0,9.73158164703e-05,0.0
lautaro martinez,G38,Inter,A,10.0,0.5267,0.3628,1,1.0,0.3333333333333333,0.8335166666666667,1.0
marcus thuram,G38,Inter,A,7.660261160360614,0.3654,0.2937,1,0.7660261160360614,0.3333333333333333,0.6474097246846974,1.0
marko arnautovic,G38,Inter,A,4.3597408975525545,0.077,0.1003,1,0.4359740897552554,0.3333333333333333,0.3378437115442944,2.0
arkadiusz milik,G38,Juventus,A,4.105186360170173,0.2146,0.1273,1,0.4105186360170172,0.3333333333333333,0.3744959846751753,2.0
dusan vlahovic,G38,Juventus,A,7.74467915127962,0.3358,0.28,0,0.774467915127962,0.0,0.5719739575639811,1.0
federico chiesa,G38,Juventus,A,6.523830598716707,0.3516,0.1773,1,0.6523830598716707,0.3333333333333333,0.551528196602502,1.0
kenan yildiz,G38,Juventus,A,3.718143780461207,0.1758,0.1023,1,0.3718143780461207,0.3333333333333333,0.336003855689727,2.0
leonardo cerri,G38,Juventus,A,0.001946316329406,0.0219,0.0925,0,0.0001946316329406,0.0,0.0344173158164703,0.0
moise kean,G38,Juventus,A,2.2850566429873287,0.0,0.0,0,0.2285056642987328,0.0,0.1142528321493664,0.0
samuel iling-junior,G38,Juventus,A,3.305908169557745,0.0219,0.0611,0,0.3305908169557744,0.0,0.1901954084778872,0.0
ciro immobile,G38,Lazio,A,5.087514727829896,0.182,0.1653,1,0.5087514727829896,0.3333333333333333,0.4252324030581614,1.0
diego gonzalez,G38,Lazio,A,0.001946316329406,0.0,0.0,0,0.0001946316329406,0.0,9.73158164703e-05,0.0
gustav isaksen,G38,Lazio,A,3.478766847296071,0.077,0.0861,0,0.3478766847296071,0.0,0.2228683423648035,0.0
pedro rodriguez,G38,Lazio,A,3.585789306352385,0.0219,0.0611,0,0.3585789306352385,0.0,0.2041894653176192,0.0
valentin castellanos,G38,Lazio,A,4.056707085209281,0.0894,0.0986,0,0.405670708520928,0.0,0.259235354260464,0.0
assan ceesay,G38,Lecce,A,0.001946316329406,0.0,0.0,0,0.0001946316329406,0.0,9.73158164703e-05,0.0
federico di francesco,G38,Lecce,A,0.172248995152431,0.0146,0.0611,0,0.0172248995152431,0.0,0.0313224497576215,0.0
jeppe corfitzen,G38,Lecce,A,0.001946316329406,0.0,0.0,0,0.0001946316329406,0.0,9.73158164703e-05,0.0
joel voelkerling persson,G38,Lecce,A,0.001946316329406,0.0,0.0,0,0.0001946316329406,0.0,9.73158164703e-05,0.0
lameck banda,G38,Lecce,A,4.155316875643998,0.0475,0.0736,0,0.4155316875643998,0.0,0.2440958437821999,0.0
nicola sansone,G38,Lecce,A,3.465871695670076,0.0475,0.0736,0,0.3465871695670076,0.0,0.2096235847835038,0.0
nikola krstovic,G38,Lecce,A,5.46031290576126,0.13,0.2275,1,0.546031290576126,0.3333333333333333,0.4469323119547296,1.0
pontus almqvist,G38,Lecce,A,4.09262020178492,0.0356,0.0736,0,0.4092620201784919,0.0,0.2373910100892459,0.0
rares burnete,G38,Lecce,A,0.3114106127049601,0.0,0.0,0,0.031141061270496,0.0,0.015570530635248,0.0
roberto piccoli,G38,Lecce,A,3.735319321575109,0.1104,0.13,0,0.3735319321575109,0.0,0.2588859660787554,0.0
santiago pierotti,G38,Lecce,A,0.1965779492700061,0.0,0.0,0,0.0196577949270006,0.0,0.0098288974635003,0.0
till winkelman,G38,Lecce,A,0.001946316329406,0.0,0.0,0,0.0001946316329406,0.0,9.73158164703e-05,0.0
alessio zerbin,G38,Monza,A,2.870746436134114,0.0,0.0,0,0.2870746436134114,0.0,0.1435373218067057,0.0
andrea ferraris,G38,Monza,A,0.001946316329406,0.0,0.0,0,0.0001946316329406,0.0,9.73158164703e-05,0.0
dany mota,G38,Monza,A,4.6930126924409725,0.1104,0.0986,0,0.4693012692440972,0.0,0.2973506346220486,0.0
gianluca caprari,G38,Monza,A,0.3240616688460991,0.0,0.0,0,0.0324061668846099,0.0,0.0162030834423049,0.0
lorenzo colombo,G38,Monza,A,3.649950854407962,0.077,0.0861,0,0.3649950854407962,0.0,0.2314275427203981,0.0
matija popovic,G38,Monza,A,0.001946316329406,0.0,0.0,0,0.0001946316329406,0.0,9.73158164703e-05,0.0
mirko maric,G38,Monza,A,0.3308737759990202,0.0219,0.0611,0,0.033087377599902,0.0,0.041443688799951,0.0
patrick ciurria,G38,Monza,A,3.323795032547592,0.0,0.0,0,0.3323795032547592,0.0,0.1661897516273796,0.0
cyril ngonge,G38,Napoli,A,4.990652635055614,0.1651,0.1236,0,0.4990652635055614,0.0,0.3361426317527807,0.0
giacomo raspadori,G38,Napoli,A,5.369526895211365,0.1265,0.1111,0,0.5369526895211365,0.0,0.3397563447605682,0.0
giovanni simeone,G38,Napoli,A,2.6327799546258026,0.0219,0.0611,0,0.2632779954625802,0.0,0.1565389977312901,0.0
hirving lozano,G38,Napoli,A,0.001946316329406,0.0,0.0,0,0.0001946316329406,0.0,9.73158164703e-05,0.0
khvicha kvaratskhelia,G38,Napoli,A,8.164231058664397,0.3313,0.2148,1,0.8164231058664397,0.3333333333333333,0.6387082195998866,1.0
matteo politano,G38,Napoli,A,7.204012116395615,0.1985,0.1486,0,0.7204012116395615,0.0,0.4643306058197807,1.0
victor osimhen,G38,Napoli,A,7.341955970620807,0.3286,0.3275,1,0.7341955970620807,0.3333333333333333,0.630594465197707,1.0
joao costa,G38,Roma,A,0.174195311481837,0.0,0.0,0,0.0174195311481837,0.0,0.0087097655740918,0.0
luigi cherubini,G38,Roma,A,0.001946316329406,0.0,0.0,0,0.0001946316329406,0.0,9.73158164703e-05,0.0
ola solbakken,G38,Roma,A,0.001946316329406,0.0,0.0,0,0.0001946316329406,0.0,9.73158164703e-05,0.0
paulo dybala,G38,Roma,A,8.194920748790997,0.2815,0.2338,0,0.8194920748790997,0.0,0.5643360374395499,1.0
romelu lukaku,G38,Roma,A,6.910330888800196,0.2931,0.389,2,0.6910330888800196,0.6666666666666666,0.6834798777733431,1.0
sardar azmoun,G38,Roma,A,2.9907077786763634,0.077,0.1175,0,0.2990707778676363,0.0,0.2078853889338182,0.0
stephan el shaarawy,G38,Roma,A,4.18244125420769,0.077,0.0861,0,0.418244125420769,0.0,0.2580520627103845,0.0
tammy abraham,G38,Roma,A,0.3050850846343906,0.0219,0.0838,0,0.030508508463439,0.0,0.0469642542317195,0.0
tommaso baldanzi,G38,Roma,A,3.539934540541158,0.0475,0.0736,0,0.3539934540541158,0.0,0.2133267270270579,0.0
andres sfait,G38,Salernitana,A,0.105101081787924,0.0,0.0,0,0.0105101081787924,0.0,0.0052550540893962,0.0
boulaye dia,G38,Salernitana,A,1.1658434813141945,0.077,0.0861,0,0.1165843481314194,0.0,0.1072221740657097,0.0
chukwubuikem ikwuemesi,G38,Salernitana,A,2.7388436043278133,0.0219,0.0611,0,0.2738843604327813,0.0,0.1618421802163906,0.0
diego valencia,G38,Salernitana,A,0.001946316329406,0.0,0.0,0,0.0001946316329406,0.0,9.73158164703e-05,0.0
erik botheim,G38,Salernitana,A,0.0,0.0,0.0,0,0.0,0.0,0.0,0.0
jovane cabral,G38,Salernitana,A,0.4826864496926881,0.0219,0.0611,0,0.0482686449692688,0.0,0.0490343224846344,0.0
shon weissman,G38,Salernitana,A,0.2705379697874341,0.0219,0.0611,0,0.0270537969787434,0.0,0.0384268984893717,0.0
simy,G38,Salernitana,A,0.8106407511975994,0.0219,0.0611,0,0.0810640751197599,0.0,0.0654320375598799,0.0
trivante stewart,G38,Salernitana,A,0.043792117411635,0.0,0.0,0,0.0043792117411635,0.0,0.0021896058705817,0.0
agustin alvarez,G38,Sassuolo,A,0.001946316329406,0.0,0.0,0,0.0001946316329406,0.0,9.73158164703e-05,0.0
andrea pinamonti,G38,Sassuolo,A,5.71271982919851,0.3664,0.2128,1,0.5712719829198509,0.3333333333333333,0.5260626581265921,1.0
armand lauriente,G38,Sassuolo,A,5.762828461167271,0.1024,0.1403,1,0.5762828461167271,0.3333333333333333,0.4276180897250302,1.0
cristian volpato,G38,Sassuolo,A,3.365828199215989,0.0219,0.0611,0,0.3365828199215989,0.0,0.1931914099607994,0.0
domenico berardi,G38,Sassuolo,A,2.746738919874218,0.2197,0.1486,0,0.2746738919874217,0.0,0.2478269459937108,0.0
emil konradsen ceide,G38,Sassuolo,A,0.133322668564311,0.0,0.0,0,0.013332266856431,0.0,0.0066661334282155,0.0
flavio russo,G38,Sassuolo,A,0.001946316329406,0.0,0.0,0,0.0001946316329406,0.0,9.73158164703e-05,0.0
gregoire defrel,G38,Sassuolo,A,2.70819506001134,0.0219,0.0611,0,0.2708195060011339,0.0,0.160309753000567,0.0
samuel castillejo,G38,Sassuolo,A,0.3756390515753581,0.0,0.0,0,0.0375639051575358,0.0,0.0187819525787679,0.0
samuele mulattieri,G38,Sassuolo,A,2.1653862159852904,0.0,0.0,0,0.216538621598529,0.0,0.1082693107992645,0.0
antonio sanabria,G38,Torino,A,4.675122241620843,0.1476,0.1111,0,0.4675122241620843,0.0,0.3113661120810421,0.0
david okereke,G38,Torino,A,0.11677897976436,0.0,0.0,0,0.011677897976436,0.0,0.005838948988218,0.0
duvan zapata,G38,Torino,A,7.111918227469753,0.3839,0.2398,1,0.7111918227469753,0.3333333333333333,0.6093725780401543,1.0
nemanja radonjic,G38,Torino,A,0.6033580621158604,0.0,0.0,0,0.060335806211586,0.0,0.030167903105793,0.0
nikola vlasic,G38,Torino,A,4.802855811270323,0.077,0.0861,0,0.4802855811270323,0.0,0.2890727905635161,0.0
pietro pellegri,G38,Torino,A,2.384663574060406,0.0219,0.0753,1,0.2384663574060406,0.3333333333333333,0.2150598453696869,2.0
yann karamoh,G38,Torino,A,0.053523699058665,0.0,0.0,0,0.0053523699058665,0.0,0.0026761849529332,0.0
zanos savva,G38,Torino,A,0.2014437400935211,0.0219,0.0753,1,0.0201443740093521,0.3333333333333333,0.1058988536713427,0.0
beto,G38,Udinese,A,0.2656721789639191,0.0,0.0,0,0.0265672178963919,0.0,0.0132836089481959,0.0
brenner da silva,G38,Udinese,A,0.084664760329161,0.0,0.0,0,0.0084664760329161,0.0,0.004233238016458,0.0
florian thauvin,G38,Udinese,A,5.151711554124309,0.092,0.0986,0,0.5151711554124309,0.0,0.3147655777062154,0.0
gerard deulofeu,G38,Udinese,A,0.001946316329406,0.0,0.0,0,0.0001946316329406,0.0,9.73158164703e-05,0.0
isaac success,G38,Udinese,A,2.855494717737655,0.0219,0.0903,1,0.2855494717737655,0.3333333333333333,0.2431014025535494,2.0
keinan davis,G38,Udinese,A,0.2510748064933741,0.0,0.0486,0,0.0251074806493374,0.0,0.0271337403246687,0.0
lorenzo lucca,G38,Udinese,A,5.372352538779441,0.2339,0.1503,1,0.5372352538779441,0.3333333333333333,0.4505442936056387,1.0
marley ake,G38,Udinese,A,0.001946316329406,0.0,0.0,0,0.0001946316329406,0.0,9.73158164703e-05,0.0
sekou diawara,G38,Udinese,A,0.001946316329406,0.0,0.0,0,0.0001946316329406,0.0,9.73158164703e-05,0.0
simone pafundi,G38,Udinese,A,0.004865790823515,0.0,0.0,0,0.0004865790823515,0.0,0.0002432895411757,0.0
vivaldo semedo,G38,Udinese,A,0.001946316329406,0.0,0.0,0,0.0001946316329406,0.0,9.73158164703e-05,0.0
alphadjo cisse,G38,Verona,A,0.001946316329406,0.0,0.0,0,0.0001946316329406,0.0,9.73158164703e-05,0.0
darko lazovic,G38,Verona,A,3.928057418709881,0.077,0.1153,1,0.3928057418709881,0.3333333333333333,0.3207595376021607,2.0
federico bonazzoli,G38,Verona,A,3.962712806190207,0.0462,0.0861,0,0.3962712806190206,0.0,0.2378256403095103,0.0
jackson tchatchoua,G38,Verona,A,2.469375096698178,0.0,0.0,0,0.2469375096698177,0.0,0.1234687548349088,0.0
jordi mboula,G38,Verona,A,0.1211581915055235,0.0,0.0,0,0.0121158191505523,0.0,0.0060579095752761,0.0
juan manuel cruz,G38,Verona,A,0.039899484752823,0.0,0.0,0,0.0039899484752823,0.0,0.0019949742376411,0.0
junior ajayi,G38,Verona,A,0.001946316329406,0.0,0.0,0,0.0001946316329406,0.0,9.73158164703e-05,0.0
karol swiderski,G38,Verona,A,0.6520159703510102,0.0475,0.0878,1,0.065201597035101,0.3333333333333333,0.1398574651842171,0.0
milan djuric,G38,Verona,A,5.402852581068134,0.2763,0.2398,2,0.5402852581068134,0.6666666666666666,0.55830596238674,1.0
siren diao balde,G38,Verona,A,0.001946316329406,0.0,0.0,0,0.0001946316329406,0.0,9.73158164703e-05,0.0
stefan mitrovic,G38,Verona,A,0.123591086917281,0.0,0.0,0,0.0123591086917281,0.0,0.006179554345864,0.0
thomas henry,G38,Verona,A,0.6928886132685363,0.0616,0.0861,0,0.0692888613268536,0.0,0.0789544306634268,0.0
tijjani noslin,G38,Verona,A,1.780392862324139,0.1104,0.1278,1,0.1780392862324138,0.3333333333333333,0.2271463097828736,2.0
yayah kallon,G38,Verona,A,0.001946316329406,0.0,0.0,0,0.0001946316329406,0.0,9.73158164703e-05,0.0
